"","location","region","gdp_sq","gdp_sq002","gdp_sq003","gdp_sq005","gdp_dif","gdp_dif_lower","gdp_dif_upper","gdp_dif002","gdp_dif002_lower","gdp_dif002_upper","gdp_dif003","gdp_dif003_lower","gdp_dif003_upper","gdp_dif005","gdp_dif005_lower","gdp_dif005_upper","gdp_dif_prop","gdp_dif_prop_lower","gdp_dif_prop_upper","gdp_dif_prop002","gdp_dif_prop002_lower","gdp_dif_prop002_upper","gdp_dif_prop003","gdp_dif_prop003_lower","gdp_dif_prop003_upper","gdp_dif_prop005","gdp_dif_prop005_lower","gdp_dif_prop005_upper","pop","gdp_dif_perc","gdp_dif_perc_lower","gdp_dif_perc_upper","gdp_dif_perc002","gdp_dif_perc002_lower","gdp_dif_perc002_upper","gdp_dif_perc003","gdp_dif_perc003_lower","gdp_dif_perc003_upper","gdp_dif_perc005","gdp_dif_perc005_lower","gdp_dif_perc005_upper"
"1","Albania","Europe and central Asia",2098317483434.51,1492708712608.72,1275643633333.78,955513397156.886,1120441603.77238,1043293904.57009,1218709437.58174,737608592.700087,685527730.437976,804200921.594604,604587260.967141,561284800.33188,660064995.416915,414547474.94652,383896877.823941,453975002.574841,0.000533971437886725,0.000497204981041494,0.000580803165966556,0.000494141011216456,0.000459250840199036,0.000538752748477731,0.00047394683371492,0.000440001255574029,0.000517436828099,0.00043384789389662,0.000401770272364804,0.000475111080520311,2736080,409.506156169549,381.309722146315,445.421711931574,269.585901252919,250.551054953794,293.924491094779,220.968415019715,205.141955034897,241.244771869578,151.51145980619,140.309083734372,165.921684517573
"2","Algeria","Middle East and north Africa",19898230771822.8,14476075358104.7,12509273061369.6,9574456750799.93,26829361386.5171,25612760880.8651,28359694875.8682,17740552461.5738,16896043348.0996,18803153537.1984,14575236934.0662,13863589496.0492,15470804192.6707,10042430019.0356,9525822322.59559,10692760479.9075,0.00134832898935463,0.00128718784974262,0.00142523700730355,0.0012255084353123,0.0011671701707908,0.00129891238281452,0.00116515459072331,0.00110826499893602,0.00123674686105036,0.00104887726587689,0.000994920398152065,0.00111680074997614,52352519.5,512.475075559966,489.236451759788,541.706400125942,338.867214625149,322.736011742464,359.16425258575,278.405644528077,264.812269370325,295.512123206806,191.82324203204,181.955375091271,204.245384597154
"3","Argentina","Latin America and Caribbean",31599551938976.4,23720832113736.8,20806409905157.6,16375440336743,31142341140.1844,30502660827.8588,31827123779.1089,21074407099.5273,20615708679.3822,21565743513.7932,17522886247.5102,17129914740.3515,17943952393.9859,12372444394.3358,12077590432.834,12688585297.9413,0.000985531098679027,0.000965287763787415,0.00100720174262508,0.000888434562433544,0.000869097196107365,0.000909147849889482,0.000842186918713283,0.000823299878183465,0.00086242424694026,0.000755548806011321,0.000737542941409304,0.00077485460158716,48912958,636.688975959794,623.611044497836,650.689001043627,430.855298089461,421.477447333735,440.900415668854,358.246300448854,350.212202262466,366.854778931708,252.948194102998,246.920058133348,259.411530538417
"4","Armenia","Europe and central Asia",2851202823089.1,1980733006210,1672411752286.2,1222990434234.26,4994830269.12724,4946421390.60799,5047548579.68096,3225836240.49318,3192076459.21856,3262599637.86648,2617476096.40973,2588943503.99484,2648546611.81942,1757174385.58224,1736313858.46929,1779889737.36803,0.00175183267520606,0.00173485426941632,0.00177032252451695,0.00162860730364947,0.0016115632188744,0.00164716780486697,0.00156509070976787,0.00154802996358746,0.00158366897876605,0.00143678506094158,0.00141972807788675,0.00145535867456106,2726572.5,1831.90810775332,1814.1536271667,1851.24311922055,1183.11038510554,1170.72861961989,1196.59375933208,959.98771219534,949.523074847575,971.383160293526,644.462740522117,636.811916231565,652.79384185384
"5","Australia","East Asia and Pacific",55082156238146.6,39651392013800.2,34089345061102.9,25840439028632.3,62019687767.4192,61031749952.3506,63071695929.9902,40759383850.1497,40079849282.77,41483494549.5414,33377120726.0232,32806778654.6096,33985120535.3035,22837744884.4043,22426457836.5545,23276584367.2579,0.00112594880090166,0.00110801308664245,0.00114504769307325,0.00102794332758769,0.00101080560472683,0.00104620525138445,0.000979107127643459,0.000962376325969467,0.000996942606975506,0.000883798640537768,0.000867882229543586,0.000900781304120509,29329425,2114.58928251813,2080.90509624211,2150.45797624707,1389.70961245063,1366.5405742789,1414.39849398825,1138.00801502325,1118.56194434803,1158.73804328941,778.663232722916,764.640214956635,793.625663212214
"6","Austria","Europe and central Asia",19313892827972.1,14013642694085.1,12095316005738.7,9238841105240.9,15007201993.7294,14812527804.9234,15211781444.4719,10001698891.0055,9862365228.84761,10148409677.6913,8250445900.21175,8131149079.22406,8376187252.5607,5731488850.52576,5642024305.8954,5825983476.56503,0.000777015909086677,0.000766936419128855,0.000787608255878941,0.000713711567316258,0.000703768851835386,0.000724180707274259,0.000682119086123692,0.000672256026660749,0.000692514957739555,0.000620368808732349,0.000610685284185141,0.000630596782670083,9028581.5,1662.18824006068,1640.62624953027,1684.84733116403,1107.78186927875,1092.34936062189,1124.0314636016,913.814191100977,900.600950351288,927.741224084946,634.81609492319,624.907058312028,645.282260182846
"7","Bahrain","Middle East and north Africa",3524818917053.04,2518531741501.06,2157097883672,1622941175670.98,5549251391.77515,5290079611.78996,5819603704.05614,3635455390.84972,3460235016.58337,3818772844.73588,2971806771.63912,2826148908.24998,3124424720.26131,2025656986.96854,1922798033.25169,2133756993.86542,0.0015743365893005,0.00150080890289047,0.00165103622086824,0.00144348206176785,0.00137390963137953,0.00151626949218431,0.00137768749120473,0.00131016257057332,0.0014484390086845,0.00124813949965319,0.00118476138388487,0.00131474697040899,1636698.5,3390.51535256808,3232.16500277232,3555.69685195908,2221.21263681107,2114.15542727226,2333.21704928298,1815.73256872852,1726.73764181368,1908.98001083358,1237.64822107953,1174.80283219646,1303.69582049805
"8","Bangladesh","South Asia",95109132943634.8,64357378856282.6,53603801289430.1,38128274273632.5,50871768279.707,41852230265.4388,63055432857.7579,33090075488.9389,27247618914.2677,40985138493.1243,26954825504.8148,22204564770.0121,33375401406.5635,18249340167.3151,15043582251.0963,22584531053.9229,0.000534877847218474,0.000440044283552054,0.000662979788651074,0.00051416132970289,0.00042337987342702,0.000636836664598302,0.000502852873423548,0.000414234890733216,0.000622631242630635,0.000478630111511115,0.00039455187882709,0.000592330271541851,191166613.5,266.112201018338,218.930646409337,329.845424906049,173.095473540619,142.533355670224,214.394855580388,141.001741942846,116.152943045215,174.588024527429,95.4630091164695,78.6935646118787,118.140561473737
"9","Barbados","Latin America and Caribbean",156882018572.429,115513031355.484,100388566621.7,77649462240.0737,133861646.029935,110508490.741147,161340580.017086,93271291.6057601,76545369.3799006,112963614.531824,78794351.7439909,64469701.5123122,95664736.2502806,57552501.2691557,46805827.3797208,70217198.4738595,0.000853263154362933,0.0007044050793503,0.00102841983730977,0.000807452548957214,0.000662655706301544,0.000977929617171812,0.000784893682573596,0.000642201633929659,0.000952944538104419,0.000741183513817739,0.000602783664296454,0.000904284414189046,281285.5,475.892451014841,392.869489330758,573.582996695834,331.589405091127,272.126964880524,401.597716668026,280.122337425821,229.196675663382,340.098356475114,204.605289889296,166.399716230381,249.629641321218
"10","Belgium","Europe and central Asia",23082083197010.4,16822780887536.4,14551913855715.7,11162577401482.9,28030766371.3235,27680310159.7593,28384361100.7378,18621167222.599,18367058795.5819,18877870693.6595,15336071193.344,15117113167.0688,15557413560.7436,10620452725.0997,10454216725.4853,10788737009.1899,0.00121439499771641,0.0011992119568889,0.00122971401058004,0.00110690184619803,0.00109179682707451,0.00112216112305461,0.00105388688700355,0.00103884020459145,0.00106909742010553,0.000951433736413673,0.00093654147689014,0.000966509491594357,11978613,2340.06778341729,2310.81095613986,2369.58662081643,1554.53450433694,1533.32099430726,1575.96465414314,1280.28772557758,1262.0086454975,1298.76585550795,886.617901847209,872.740168288708,900.666630534762
"11","Belize","Latin America and Caribbean",148482949831.073,108942895746.576,94516291904.5751,72868805886.523,167755433.647061,158277148.19028,178137320.4336,113685031.505851,106980202.723241,121029280.189786,94635784.8084511,88929778.6395755,100886113.452009,67035486.4445937,62808652.2205735,71665870.2808464,0.00112979593844218,0.00106596177116867,0.00119971566187407,0.00104352863696873,0.00098198420365197,0.00111094238279957,0.00100126425721395,0.000940893647513808,0.00106739390023748,0.000919947646033703,0.000861941559991858,0.000983491761789676,476595,351.987397364767,332.099892341044,373.770854569603,238.535929889846,224.467740373359,253.945761474178,198.566465884978,186.594023520128,211.681015226784,140.655035081345,131.786217271632,150.370587775462
"12","Benin","Sub-Saharan Africa",3273806797563.72,2256682658256.82,1897733209140.39,1376432746916.52,1150988068.10413,831592009.374199,1550181572.21783,762416105.589389,549828288.911774,1029060363.03316,627134100.631728,451790743.038347,847478885.818433,433431597.522774,311509235.332999,587253135.288236,0.000351574829938243,0.000254013770755515,0.000473510401826838,0.000337848169657279,0.000243644487141356,0.000456005792071828,0.000330464839636652,0.000238068628858001,0.000446574303351267,0.000314894860278314,0.00022631635002207,0.000426648622392775,18450172,62.3835955623682,45.0723174490839,84.0198981460894,41.3229809233968,29.8007134519816,55.7751094696114,33.9906912863321,24.4870748651203,45.9333867358219,23.4920085039193,16.8838119955196,31.8291415000487
"13","Bolivia (Plurinational State of)","Latin America and Caribbean",4707312504316.28,3344636510126.92,2856996848115.39,2138883595205.19,6594445751.16096,6245703965.29405,7093656488.06999,4303013661.44494,4069980188.02313,4636678820.47477,3510538387.19463,3317892113.02792,3786417033.3691,2383605882.0821,2248952648.12409,2576501117.9137,0.00140089398040056,0.00132680886590112,0.00150694403262278,0.00128654149663685,0.00121686771513138,0.00138630275859149,0.00122875122858828,0.00116132158676218,0.00132531368939619,0.00111441589781955,0.00105146098327447,0.00120460090660826,14467239,455.819230688106,431.713609299884,490.325520168015,297.431573601911,281.323906242451,320.49507307336,242.654343872706,229.338307954124,261.723541953589,164.758865328906,155.451406320452,178.09210989835
"14","Botswana","Sub-Saharan Africa",2358605254761.15,1649714202664.57,1397860898897.64,1029636342915.6,1727655253.88772,1649728359.33242,1827249185.4309,1127825507.82134,1075345599.76826,1194929502.74669,920198136.811983,876648710.132895,975897900.258584,624723059.231729,594063541.466896,663959300.6401,0.000732490208100836,0.000699450811449788,0.000774715981719434,0.000683649025994751,0.000651837511025481,0.000724325159361952,0.000658290204367012,0.000627135869401759,0.000698136632212963,0.000606741461225731,0.000576964425891086,0.00064484835370125,3169059.5,545.163400651745,520.573488548391,576.590368666445,355.886504441251,339.326415224536,377.061239382438,290.369472965712,276.62740637495,307.945590879119,197.13200690354,187.45736439057,209.51304342506
"15","Brazil","Latin America and Caribbean",110607548819166,81936986188061.5,71424794496654,55575650315156.3,98860209112.8911,98078301242.1699,99629330191.8994,66516264079.033,65961524055.3403,67062599703.3735,55145941500.8282,54673100066.8353,55611924916.2847,38712283853.253,38360851231.4795,39059099707.8143,0.000893792604287065,0.000886723395367161,0.000900746208152438,0.000811797787221086,0.000805027462249412,0.000818465540695525,0.000772084006533776,0.000765463876404944,0.000778608119325985,0.000696569156343198,0.000690245656397077,0.000702809584527026,227705396,434.158394353075,430.724536901927,437.536096825301,292.115449381063,289.679231208646,294.514758461734,242.181092189964,240.104543094953,244.227523340223,170.010392960793,168.467027595075,171.533483149492
"16","Brunei Darussalam","East Asia and Pacific",947145757281.466,697157807411.887,605831007060.789,468624972605.611,949301087.192116,794297234.420292,1138683451.15382,651130232.468247,543443001.11869,782725701.667663,545242987.001252,454460498.183674,656192235.996172,390661014.80852,324706686.481782,471285847.587227,0.00100227560530582,0.000838621963213048,0.00120222620689567,0.00093397825506034,0.000779512178363398,0.00112273819979645,0.000899991879990623,0.000750144005320074,0.00108312751963574,0.000833632515647636,0.000692892409630613,0.00100567804777202,484917.5,1957.65483240369,1638.00488623383,2348.20036635885,1342.76497026452,1120.69166635292,1614.14199666472,1124.40360886388,937.191374169161,1353.20386662921,805.623667548645,669.612225753416,971.888718363901
"17","Bulgaria","Europe and central Asia",8041367005250.8,5737073862400.04,4910221479593.74,3689372212082.67,13802125021.1242,13393663409.2872,14224151172.9782,9240648828.64415,8962608002.76896,9528795515.66574,7640479737.58323,7408506112.14533,7881235047.04025,5332823492.89756,5167756807.50091,5504613109.01698,0.00171639038637483,0.00166559533976518,0.00176887227802067,0.00161069023168867,0.00156222635750057,0.00166091560684203,0.00155603566342905,0.00150879265689626,0.00160506711963883,0.00144545553724089,0.00140071440625496,0.00149201891069418,6008012.5,2297.28633572653,2229.30019025213,2367.53022284461,1538.05419490125,1491.77585811763,1586.01459561972,1271.71502016403,1233.10431064272,1311.78739176063,887.618574844436,860.14415041595,916.211993403306
"18","Burundi","Sub-Saharan Africa",386384370704.399,282228407259.493,244266832559.867,187374038773.495,148840391.984951,124043062.110325,188190944.47504,98808997.3800151,81421194.7276065,126401901.276381,81386325.0978982,66658849.7683539,104759144.396283,56427377.1834079,45627051.8753376,73572278.5394548,0.000385213283119105,0.000321035402866291,0.000487056306475228,0.000350102947961457,0.000288493973793164,0.000447870937244675,0.000333186148299325,0.000272893577362848,0.000428871751839692,0.000301148321041526,0.000243507863597333,0.000392649264652889,17799740,8.36194191516005,6.96881314616534,10.5726794029036,5.5511483527296,4.57429123838924,7.101334136138,4.57233224181354,3.74493390175103,5.88543115777438,3.17012367503165,2.56335496334989,4.13333444979841
"19","Cambodia","East Asia and Pacific",6520020992257.81,4419777895280.72,3684863056310.5,2626529753854.27,4188939944.11345,3569150850.79832,5107788884.20023,2723931120.33567,2322853819.2488,3318860231.3616,2218211595.14215,1892246089.21301,2701866436.87276,1500386096.22051,1280537415.68252,1826790085.64456,0.000642473382997938,0.000547414012169056,0.000783400680805394,0.00061630497841174,0.000525558947595321,0.000750911088746192,0.000601979384645885,0.000513518700775718,0.000733233880224039,0.000571242756347529,0.000487539657147767,0.00069551471212685,18787212.5,222.967613961542,189.977669694124,271.875824271442,144.988572431151,123.6401525372,176.65527716587,118.070288242183,100.719896004424,143.814120209305,79.8620921661747,68.1600538495277,97.2358238692707
"20","Cameroon","Sub-Saharan Africa",5626933164769.78,3969041775152.23,3377260842983.54,2508062134010.42,2281213433.39983,1732119227.77783,3020579863.76688,1521738073.82223,1150485006.6019,2021950202.70947,1256227405.76071,947514915.512543,1672316251.74262,874525305.905601,656270822.868556,1168908146.83719,0.000405409726151095,0.000307826515271698,0.000536807489145015,0.000383401878848671,0.000289864675601147,0.000509430315238221,0.000371966355033132,0.000280557220648521,0.000495169407840368,0.000348685662147941,0.00026166449944331,0.000466060282552926,38142789.5,59.8071998221271,45.4114460552978,79.1913728220344,39.8958254959887,30.1625817535422,53.0100244165275,32.9348593070444,24.841259067131,43.843574989255,22.9276704029631,17.2056326102881,30.645586286687
"21","Canada","North America",75583524329806.6,54725553322986.4,47183755036763.4,35964515182161.9,128887978596.51,126187673452.171,131665695701.13,85045431230.0897,83194325211.1759,86953185632.8438,69793690244.1861,68242674152.475,71393775011.0547,47978240554.1436,46863535434.706,49130635355.4464,0.00170523906816135,0.00166951296027894,0.00174198936697646,0.00155403510912274,0.00152020985005248,0.00158889550407379,0.00147918897488778,0.00144631715087753,0.00151310074739554,0.00133404385715007,0.00130304927502401,0.00136608640785501,42503204.5,3032.42967472041,2968.89787338672,3097.78279661549,2000.91810089495,1957.36594898806,2045.80305545771,1642.08066345177,1605.58891865377,1679.72687826525,1128.81466511881,1102.58828683625,1155.92779258435
"22","Chile","Latin America and Caribbean",19767054412001.8,14338778274230.1,12373686852763.3,9447095311269.95,34410469693.8171,34131061971.97,34688947367.301,22689800117.5275,22494277946.0643,22885070900.9759,18611317767.7996,18445789266.2612,18776815162.3642,12776578047.2175,12655159120.9608,12898255942.7331,0.00174079905769493,0.00172666403706801,0.00175488702789421,0.0015824081859405,0.00156877228421137,0.00159602655563099,0.00150410447502502,0.00149072701497548,0.00151747942111295,0.00135243454482518,0.00133958203066542,0.00136531447156525,20315156,1693.83241230425,1680.07875361479,1707.54028998355,1116.89027234285,1107.26582390331,1126.50234637509,916.129699806371,907.981669757358,924.276198635354,628.918529949635,622.941764314328,634.908043173929
"23","China","East Asia and Pacific",1857407451781887,1269826908835666,1063562625320667,765549065789461,1634931126026.7,1518948322924.62,1770821828800.92,1073516649987.36,997577396627.693,1162556689499.28,878767096149.666,816658590760.924,951620394106.646,600973865495.234,558518826097.013,650818706937.346,0.000880222120600541,0.000817778738567798,0.000953383613865713,0.000845403922784793,0.000785601084436299,0.00091552374690599,0.000826248568000136,0.000767851907653016,0.000894747870460124,0.000785023315096713,0.000729566334877633,0.000850133239031778,1407765666.5,1161.36596092124,1078.97809917544,1257.89530952517,762.567716725431,708.624610165326,825.816907717063,624.228248394823,580.109751356068,675.979260435136,426.899078302841,396.741332302561,462.306136898066
"24","Colombia","Latin America and Caribbean",34352845375143.6,24754702640720.5,21290355548126.8,16146073902602.8,49889158440.295,48560107454.0303,51313268939.067,32971018356.2219,32075524467.5484,33930814012.7504,27078577735.1596,26335106144.6664,27875566708.7441,18640608703.419,18116417411.7418,19202758883.2966,0.00145225694976617,0.00141356871385002,0.00149371233674272,0.00133190928748972,0.00129573458962845,0.00137068154302672,0.00127187062113399,0.00123695003989651,0.0013093048937455,0.00115449791793744,0.00112203236037594,0.00118931444257796,55403609,900.467665207424,876.479137920966,926.17195639849,595.105967848085,578.942871168346,612.429670651065,488.751152206702,475.331961581535,503.136297650648,336.451163378526,326.989843057729,346.597617554059
"25","Congo","Sub-Saharan Africa",590359658086.85,457248974900.469,406839639193.657,328506638833.589,347857682.646208,271198530.385206,457832271.918695,245178193.992311,189353890.201981,325284970.727545,208146978.935788,159996123.364434,277252036.907969,153254174.944807,116706499.278394,205721135.897745,0.000589230103854816,0.000459378493550975,0.0007755141559001,0.000536202829204111,0.000414115505110095,0.00071139573532855,0.000511619220163327,0.000393265817661084,0.000681477442703158,0.000466517740673243,0.000355263746549469,0.000626231289048489,7900719.5,44.0286081091992,34.3258016418892,57.9481744566042,31.0323881251968,23.9666640743265,41.171563011134,26.3453194276531,20.2508294800789,35.0919985082332,19.3974960058773,14.7716292520439,26.0382786526904
"26","Costa Rica","Latin America and Caribbean",5575603855570.96,3963889696017.46,3386475230286.93,2535266867684.75,6372785337.50406,6140728069.43109,6619983397.38799,4241547312.52222,4084556987.92473,4408844251.84102,3496701093.63464,3366074994.39323,3635934955.83958,2426400563.29994,2333866848.06435,2525085222.60812,0.00114297670756085,0.00110135659356349,0.00118731236452057,0.00107004675654414,0.0010304416371698,0.00111225200243857,0.00103254884676607,0.000993975967781707,0.00107366353172219,0.000957059232788291,0.000920560623346006,0.000995983994739801,5554928.5,1147.23084869662,1105.4558252966,1191.73152226676,763.564699801666,735.303251504449,793.681548167725,629.477245950986,605.961893909747,654.542170225878,436.801403168365,420.143454243263,454.566647006909
"27","Côte d'Ivoire","Sub-Saharan Africa",12540822918419,8554340891687.4,7154924994435.96,5133230894858,4021977366.08615,3202542685.47504,5126384469.57004,2611518731.55754,2079646800.37556,3328450215.17447,2125192411.1129,1692277327.78461,2708783912.7579,1435636887.80763,1142802853.51937,1830472859.2155,0.000320710801216958,0.000255369420835326,0.000408775763992393,0.00030528579169615,0.000243110115286198,0.000389094876778743,0.000297025113857316,0.000236519226840339,0.000378590120073151,0.000279675104668625,0.00022262837517481,0.00035659273792829,38326368,104.940216774158,83.5597749694164,133.756072831374,68.1389567505468,54.2615152152054,86.8449161468801,55.4498775128627,44.1543881169384,70.6767704353802,37.4582033916605,29.8176663522975,47.7601441184174
"28","Croatia","Europe and central Asia",6243430184518.62,4441560915447.94,3795979133966.97,2844194637583.29,5020760127.84392,4876263040.896,5168808992.69897,3362091201.80884,3262900470.24524,3463773082.92021,2780207977.93851,2697043654.30464,2865488414.42116,1941046737.72718,1881204024.92052,2002459333.0223,0.000804166936997795,0.000781023074941611,0.000827879681511566,0.000756961632590773,0.000734629228858875,0.00077985490886167,0.000732408656586335,0.000710500126349774,0.000754874648488016,0.00068245917915677,0.000661418877619071,0.000704051440981475,3729368,1346.27640067806,1307.53067031626,1385.97451168642,901.517683910207,874.920487933945,928.782861578747,745.490382804408,723.190539068453,768.357645161636,520.476053242045,504.42971166174,536.943346170799
"29","Cyprus","Europe and central Asia",2582574575285.07,1781717901036.43,1499418261306.06,1089849019637.91,3350934592.68521,3242027336.80784,3485696391.65462,2152673419.72884,2079605822.72471,2243095669.36361,1741457597.32454,1680909216.38345,1816393025.23718,1161277602.71032,1118723081.60501,1213955632.42259,0.00129751706872408,0.00125534703540941,0.00134969825267093,0.00120820103927598,0.00116719140640334,0.0012589510764071,0.00116142216102374,0.00112104091283996,0.00121139849507703,0.00106553988835641,0.00102649363484925,0.0011138750510836,1339204.5,2502.18289490904,2420.86054580002,2602.81114023633,1607.42696110179,1552.86651345983,1674.94633520393,1300.36719360228,1255.15499416516,1356.32237289912,867.139860051486,835.363890731408,906.475174196764
"30","Czech Republic","Europe and central Asia",20342693304456.2,14469250653879.1,12365955658698.8,9266526507357.04,32514738465.5851,31731440701.9429,33273987534.4491,21377675076.7472,20844502661.4138,21894272718.5752,17508665574.7191,17063829430.3054,17939609159.3542,11982725004.2885,11666165227.0417,12289342619.2881,0.00159834973564993,0.00155984461973833,0.00163567267305555,0.00147745557721858,0.00144060692291798,0.00151315871445668,0.00141587646421833,0.00137990381829502,0.00145072565796681,0.00129311937917352,0.00125895773543404,0.00132620811147857,10511831.5,3093.15636058142,3018.64053870564,3165.38440845909,2033.67748776673,1982.95631559674,2082.82188680205,1665.61512850725,1623.29746536609,1706.61117992181,1139.92742409241,1109.81280731542,1169.0962340186
"31","Democratic Republic of the Congo","Sub-Saharan Africa",6588868059241.82,4627873579630.66,3929008564819.56,2904173738778.76,3719242115.46309,3103884329.77605,4580241786.90617,2412811445.05245,2001017222.89581,2989051846.9916,1963146332.68709,1622502730.0447,2439851068.53878,1326528522.15322,1088189249.77766,1660107912.75529,0.000564473606395309,0.000471080055309715,0.000695148505892713,0.000521365029432159,0.000432383726232968,0.000645880185696462,0.00049965437852825,0.000412954745014462,0.000620983901736755,0.000456766241096527,0.000374698398806972,0.000571628305355239,148025707,25.1256500701131,20.968549265406,30.9422051056724,16.2999487991126,13.5180386126837,20.1927888578948,13.2621986577446,10.9609524110883,16.4826172290383,8.96147398338871,7.35135316582315,11.21499735688
"32","Denmark","Europe and central Asia",14030289655932.2,10144137241873.5,8740623846593.22,6655040099191.41,13962594600.9191,13765185541.7059,14173521956.3338,9310319982.87233,9168188786.96231,9462339662.36276,7682967160.2632,7560902628.51614,7813588849.23144,5342465057.73185,5250359558.9752,5441121840.23354,0.000995175077872717,0.000981104872334962,0.00101020879140161,0.000917803038432949,0.000903791871931443,0.00093278900282457,0.000878995286275561,0.000865030089524229,0.000893939492920393,0.000802769777207047,0.000788929815706613,0.000817594148064508,6217243.5,2245.78538719275,2214.03352493849,2279.71157255362,1497.49965284009,1474.63884709716,1521.95095179443,1235.75136799181,1216.11814440212,1256.76095028793,859.298024555713,844.483501245399,875.166275895988
"33","Dominican Republic","Latin America and Caribbean",14785226100492.2,10188236533762.5,8567160371251.91,6214537302496.17,15719904971.9899,13524302118.7179,18447074018.1199,10241913521.0927,8811260305.35251,12020890851.1232,8349179024.94005,7182195583.07041,9801059375.0351,5660126116.66274,4867010479.5346,6647861568.27016,0.00106321708340102,0.000914717301365292,0.00124766938920912,0.00100526852582901,0.0008648464605384,0.00117987944344318,0.000974556173006482,0.000838340275171116,0.00114402660278471,0.000910788018665405,0.000783165381850663,0.00106972751866819,12372135.5,1270.58946064646,1093.12592953075,1491.01778089319,827.820995097629,712.1858878245,971.610022467277,674.837341131614,580.513815345007,792.188169539131,457.489825961148,393.384834779299,537.325312050629
"34","Ecuador","Latin America and Caribbean",6909880728751.75,5090324701902.67,4425340735986.51,3425896435522.92,7057418065.07602,6821106098.85413,7332602426.80206,4653128648.14881,4481898354.5949,4852543558.21503,3818440490.95757,3670956149.40339,3990214310.92846,2626573665.31327,2514706040.52694,2756894026.71019,0.00102135164731721,0.000987152509083372,0.00106117641022245,0.000914112344623037,0.000880473961301457,0.000953287627486953,0.000862857962530732,0.000829530734108557,0.000901673915972247,0.000766682155969013,0.00073402862224675,0.000804721940256021,20342202,346.934813894583,335.317980760103,360.462570709015,228.742623249381,220.325132677126,238.545638186811,187.710282837501,180.460116825277,196.154492563217,129.119436790239,123.620148916373,135.525840649414
"35","Egypt","Middle East and north Africa",87178682184236.6,60769305454810,51397677984297.8,37712589030238.6,75673651695.8198,70141752028.0591,82611620095.3079,49798635000.2434,46149203963.3173,54380343772.6024,40806815663.6443,37810868590.7804,44570180103.1391,27959192446.022,25896347713.5252,30553498247.6409,0.000868029314046031,0.000804574584871873,0.000947612627599979,0.000819470201733262,0.000759416347083896,0.000894865316718839,0.000793942786211294,0.000735653244925418,0.000867163300971602,0.000741375576829367,0.000686676475400855,0.00081016708301683,134183751,563.955405418796,522.729104718939,615.660387190308,371.122692793432,343.925427776403,405.267727033524,304.111454326868,281.784257102638,332.157804286892,208.364963996438,192.991681336477,227.698942829828
"36","El Salvador","Latin America and Caribbean",2465006604384.37,1778121427113.78,1530251847581.1,1162236120631.61,2989558542.87433,2728601481.67532,3310956101.27211,1982266956.85808,1805983291.52103,2199452748.84661,1631134878.82353,1484537816.90951,1811779098.24396,1127821598.50122,1024053199.84448,1255740326.84042,0.00121279940490097,0.00110693475499096,0.00134318346059726,0.00111480966745655,0.00101566926981611,0.00123695306479532,0.00106592576993251,0.000970126465951437,0.00118397445564786,0.000970389388593698,0.000881105983255764,0.0010804519878095,6639729.5,450.253062699968,410.950699373419,498.658281376088,298.54634241622,271.996516050997,331.256378568827,245.6628509977,223.584080783639,272.869414069347,169.859570107671,154.231162556318,189.125223676721
"37","Estonia","Europe and central Asia",2498576719981.49,1764186997148.22,1502294442224.42,1117942889619.4,2395395640.84534,2306452907.52814,2487744906.33124,1585749019.18985,1525478486.49697,1648304777.61591,1303638301.93769,1253439227.67109,1355731909.60442,899472805.155327,863829392.505165,936450582.269602,0.000958704058069942,0.000923106698738963,0.000995664806462164,0.000898855405777952,0.000864692058700626,0.000934314094979936,0.000867764843759534,0.000834349906676847,0.00090244087410522,0.000804578492790047,0.000772695457456913,0.000837655117238067,1259966.5,1901.15819813093,1830.56685041082,1974.4532146936,1258.56442944304,1210.72940153327,1308.21317679153,1034.66108181264,994.819487399935,1076.00631413964,713.886285988816,685.597111117768,743.234508433043
"38","Eswatini","Sub-Saharan Africa",471198320427.566,340787073561.035,293621772735.984,223447293974.974,321831753.9895,284373293.635008,370838587.209099,214220435.967711,187863073.805208,248726141.951163,176654618.830106,154284712.238562,205950406.991064,122723964.800985,106243357.446715,144323115.48464,0.000683007005834548,0.00060351083886922,0.000787011691537015,0.00062860493424597,0.000551262322957686,0.000729857912015598,0.00060164005272507,0.000525453922578453,0.000701413948536604,0.00054923003370419,0.000475473905083918,0.00064589332418053,1397705.5,230.257199381057,203.457233040156,265.319544932104,153.265788800081,134.408195292362,177.953182520326,126.389013157712,110.384277831462,147.348927933004,87.8038791440579,76.0126918343778,103.257170759248
"39","Fiji","East Asia and Pacific",551494488104.661,394418426798.98,337906092581.109,254256727794.023,1254894863.71041,1070562416.98162,1500684675.03192,844346769.640111,717343375.834997,1013671624.24419,700219927.895429,593566829.175857,842403021.083766,492151414.197775,415208906.954131,594710588.29828,0.00227544407202173,0.0019412023874633,0.00272112361483316,0.00214073864776719,0.00181873697346448,0.00257004124394224,0.00207223232510184,0.00175660292077563,0.00249300926967323,0.00193564755775695,0.00163303016819479,0.00233901613325278,1019549.5,1230.83269984479,1050.03476239419,1471.90957872268,828.156719845492,703.588571064963,994.234830426762,686.793459165474,582.185395781036,826.250241978213,482.714585410296,407.247423449407,583.307223728009
"40","Finland","Europe and central Asia",10498563732483.2,7616058701821.76,6573096979395.93,5020513534868.45,19012652911.629,18602327816.9458,19411166384.8849,12600142527.4105,12316530037.776,12878373854.6198,10363576357.688,10124996633.2135,10598775916.3795,7156370348.09091,6983616431.95317,7328273387.7776,0.0018109765674711,0.00177189264083706,0.00184893542388332,0.00165441772716334,0.00161717897930985,0.00169094992027035,0.00157666567071408,0.00154036927569323,0.00161244782324108,0.00142542596457285,0.00139101635389499,0.00145966609528713,5546070,3428.13071447511,3354.14587571845,3499.98582507702,2271.90470502725,2220.76714462241,2322.07199956362,1868.63425050315,1825.61645150773,1911.04257904778,1290.34980591498,1259.20091739794,1321.34527472203
"41","France","Europe and central Asia",118299341560910,86089034369380.8,74410840703977.4,56992240079749.1,92092066648.5605,90541350713.4004,93722713272.7012,61368954389.9975,60265137034.3603,62531780112.4642,50622656890.5629,49680180037.2202,51616478480.2392,35168668773.0411,34465731871.0542,35911402954.7768,0.000778466434668566,0.000765358027515161,0.000792250506520742,0.000712854486515469,0.000700032675192774,0.000726361732019901,0.000680312927681477,0.000667647073560945,0.000693668798684601,0.000617078197379673,0.000604744291904062,0.000630110395810483,65895051.5,1397.55663820311,1374.02352152954,1422.30275474785,931.313550760295,914.562408898949,948.960182730325,768.231539974787,753.928844523632,783.313424988206,533.707281085304,523.039759230694,544.978752384415
"42","Gabon","Sub-Saharan Africa",1352478782360.42,981176715306.882,846672864909.664,646237767210.788,977026346.654396,802051512.71159,1239473373.93331,653772942.786561,535340552.767215,831383480.613309,540449602.238875,441942566.288098,688166857.676326,377115064.872476,307478731.75415,481522458.559031,0.000722396801633543,0.000593023360641419,0.000916445707022563,0.000666315183174807,0.000545610739039783,0.000847333072262399,0.000638321628857845,0.000521975587743976,0.000812789550955729,0.000583554666729142,0.0004757981463715,0.000745116554603918,3020240.5,323.492896229421,265.558823117427,410.38896535998,216.463868617933,177.25096818191,275.270621863825,178.942571705424,146.326945250916,227.851675280934,124.862594509436,101.806042185763,159.431826226763
"43","Gambia","Sub-Saharan Africa",374096336742.466,259910528026.912,219460020096.298,160490739578.39,120263223.371305,84247221.0695496,168691295.402657,79350965.4746118,55662094.2856757,111238291.289305,65137203.3018514,45718163.9631772,91291936.7723526,44827290.6959347,31492582.0532553,62808658.1528252,0.000321476613266321,0.000225201940770531,0.000450930091621792,0.000305301082172383,0.000214158674941833,0.000427986861993474,0.00029680669523893,0.000208321150900817,0.000415984363494973,0.000279313877010575,0.000196226786268083,0.000391353783513141,3623616.5,33.1887282694802,23.2494859954274,46.553297072871,21.8982791017239,15.3609230683423,30.6981412876625,17.9757442052302,12.6167225376022,25.1935978248119,12.3708705642373,8.69092577905396,17.3331416701589
"44","Germany","Europe and central Asia",167107221658124,121729545652714,105272175661692,80717204793253.4,228761709985.091,223900450232.51,233712566868.833,153566776693.298,150163894509.379,157039672796.248,127162628251.456,124281155859.94,130106445591.255,89044217482.8217,86929595222.9365,91208996684.7754,0.00136895166896559,0.00133986100666898,0.00139857849678677,0.00126154070377798,0.00123358625635379,0.00129007031082061,0.00120794148550812,0.00118056984268413,0.00123590535460549,0.00110316279795487,0.00107696488556059,0.00112998210131775,82073885,2787.2655228285,2728.03523596464,2847.58747400386,1871.07965820429,1829.61845304848,1913.39392300301,1549.36772216224,1514.25944878739,1585.23561533922,1084.92753185525,1059.1626705978,1111.30351249701
"45","Ghana","Sub-Saharan Africa",12446589099338.6,8548419296989.28,7176607631737.68,5189764487246.04,7320085097.27777,5973766345.24884,9096935967.5166,4754281072.00831,3867165372.13964,5925272172.36944,3869949768.68653,3142056388.80667,4830858156.7156,2616499978.63892,2115708077.94525,3277749952.49432,0.000588119768303973,0.000479952081455495,0.000730877824833151,0.000556159087058674,0.000452383679109147,0.000693142435637931,0.000539244998092434,0.000437819168894131,0.000673139511675644,0.000504165455883215,0.000407669381364925,0.000631579710514699,42158201.5,173.63371388786,141.698794841826,215.780930965867,112.772388357419,91.7298469703372,140.548504479477,91.7958933491632,74.5301335685933,114.588810357947,62.0638425156472,50.1849700098153,77.7488089119342
"46","Greece","Europe and central Asia",11823584132395.1,8680718569570.21,7535033237882.77,5817201022990.85,6881716792.2868,6628309198.48395,7147088377.57483,4599175313.29789,4418636706.57092,4788228626.08613,3800898407.0478,3646681308.60971,3962394279.28355,2652722529.87806,2537606264.11195,2773294648.39743,0.000582033054886613,0.000560600671020155,0.000604477313946854,0.000529815046581518,0.000509017389650232,0.000551593579230987,0.000504430211128809,0.000483963533203255,0.000525862879988692,0.000456013556931232,0.00043622461284779,0.000476740383809458,9852471.5,698.47619374355,672.75598802635,725.410713197681,466.804224026214,448.480029256712,485.992639114574,385.78121307408,370.128582316601,402.172620269295,269.244374863511,257.56037600433,281.482128458573
"47","Guatemala","Latin America and Caribbean",7920694973745.06,5626151194991.46,4804314682234.75,3593120829552.01,9892260032.72205,9426518283.17892,10384230294.4659,6494113481.54264,6184169261.2998,6821559483.4052,5315535460.68823,5059849463.5314,5585681863.3446,3634705425.46517,3456758817.48577,3822751512.64518,0.00124891314026259,0.0011901125235128,0.00131102514727392,0.00115427283350008,0.00109918291332183,0.00121247354487699,0.00110640867892019,0.00105318860195431,0.00116263863480866,0.00101157339201375,0.000962049143756949,0.00106390842222854,21319951.5,463.990738099102,442.145390583038,487.066318817184,304.602638591492,290.064884120388,319.961304011653,249.322117861677,237.329313977633,261.993178706087,170.483756750815,162.137273974839,179.303949760166
"48","Haiti","Latin America and Caribbean",1119234935354.28,822608521099.129,714478721961.418,552348361761.922,819684959.141716,638442182.113209,1066293189.59384,556882657.099822,430206839.564058,729497215.018221,464206932.128803,357050917.651496,610333232.441222,329804175.215924,251363455.253928,436935527.153727,0.000732361842227749,0.00057042731775623,0.000952698272643105,0.000676971661265729,0.000522978827145185,0.00088680969903339,0.000649714145236463,0.000499736250607022,0.000854235701751493,0.000597094511449061,0.000455081380982303,0.000791050643763942,13359166.5,61.3574925607609,47.7905700264466,79.8173441130358,41.6854342746475,32.2031198251821,54.6064917312185,34.7481957148152,26.7270355266173,45.6864754579728,24.6874814544698,18.8158037594582,32.706795529027
"49","Honduras","Latin America and Caribbean",3063098505476.23,2165374773842.73,1844707089190.11,1373367789551.12,3257515280.15763,2880166294.06477,3793858447.23518,2134497628.476,1882715541.91324,2492394810.90175,1745245556.42264,1537257337.35906,2040909526.0901,1190497968.40687,1045346953.92004,1396871103.72002,0.00106347062438045,0.000940278704362784,0.00123856886758702,0.000985740507491027,0.000869464059827447,0.00115102237312882,0.000946082750291193,0.00083333410836187,0.00110635966980868,0.000866845704016387,0.000761155869442451,0.00101711363434305,12465996,261.312074876137,231.041811184984,304.336568633199,171.225598698732,151.028088081629,199.935473338973,140.000490648532,123.316046095239,163.718127784583,95.499627017919,83.85587111692,112.054512428852
"50","Hungary","Europe and central Asia",17434367087538,12283181244905.7,10447189447407.5,7754234730752.25,15157305814.169,14686309095.186,15678141694.8781,10135901225.6028,9816474350.63329,10489417308.0326,8375159907.49807,8109083211.24675,8669764872.60854,5837197476.16118,5648357817.86507,6046488063.46242,0.000869392375304715,0.000842376957043867,0.000899266466982031,0.000825185350888357,0.000799180127273995,0.000853965849635489,0.000801666318932925,0.000776197584246837,0.000829865765931905,0.00075277544191584,0.000728422341338784,0.000779765930928408,9458298.5,1602.54043728573,1552.74324395514,1657.60698870712,1071.64108064498,1037.86895186627,1109.0173679793,885.482722658634,857.351162182791,916.630498879745,617.150904696144,597.185404739031,639.278625374577
"51","Iceland","Europe and central Asia",1084255520357.55,763461334417.33,649194183249.966,481686195823.28,723708093.212891,693162920.729691,756735332.950897,476963545.033383,456447869.703819,499162748.73208,391178318.523857,374169199.191668,409590945.082877,268553251.690407,256588447.418269,281517449.582606,0.000667470056296543,0.000639298493496358,0.000697930809428899,0.000624738311596879,0.000597866387106791,0.000653815361996084,0.000602559802008019,0.000576359445056207,0.000630922081021123,0.000557527398582402,0.000532687981601212,0.000584441597088841,398209.5,1817.40539392679,1740.69910619835,1900.34475056697,1197.77038225704,1146.25057841116,1253.51793147095,982.343009204595,939.629012345682,1028.58155087429,674.401920824106,644.355414469693,706.958145354659
"52","India","South Asia",793093114664456,542214719481550,454039506765509,326502696011945,389229922370.494,353284062170.004,431288635678.602,255491400254.339,232040926497.342,282936853514.378,209136601829.702,189995446835.005,231541628329.83,143060420737.399,130033104893.19,158313341831.48,0.000490774557455552,0.000445450925796364,0.000543805799979833,0.000471199676206932,0.000427950253211888,0.000521816991218744,0.000460613225751105,0.000418455759915027,0.000509959210332353,0.000438159998324073,0.000398260432399103,0.00048487606309287,1567802259.5,248.264677520382,225.337130387012,275.091219613466,162.961495115985,148.003949535922,180.467180602617,133.39475725491,121.185848332428,147.685479419881,91.2490206405389,82.9397356109564,100.977875795363
"53","Indonesia","East Asia and Pacific",219093575494784,152137899719424,128430180622023,93884720867212.2,117980556734.401,104776900356.44,134479244512.421,76979944240.26,68236149368.8213,87918699332.7106,62808732915.1779,55615210456.1735,71813636217.481,42666978502.0468,37690237944.6699,48904897122.3671,0.000538493912785726,0.000478228994710684,0.000613798210233794,0.000505987951603303,0.000448515126701919,0.000577888215197214,0.00048904963468071,0.000433038481973736,0.00055916479965743,0.000454461366108695,0.000401452308709293,0.000520903685611813,300882677.5,392.114819353138,348.231746762623,446.949108635279,255.847046030957,226.786566564043,292.202595587147,208.748251767262,184.840187272574,238.676539354716,141.806031695018,125.265562836099,162.538094677674
"54","Iraq","Middle East and north Africa",22113746451690.9,15452355783220.1,13088601483843.7,9636637534922.2,61996481069.4321,60345139869.6846,64089266547.9145,40044108703.7036,38944336267.9835,41447631402.796,32491531109.7153,31583929329.031,33654143526.2361,21807391037.2893,21175242437.4019,22623535832.712,0.00280352681102083,0.00272885193838651,0.00289816412103314,0.00259145655623513,0.0025202847264411,0.00268228559996039,0.0024824295513789,0.00241308663633907,0.00257125587999437,0.00226296682408792,0.00219736836221815,0.00234765868807731,58268847,1063.97301922642,1035.63298360245,1099.88904616414,687.2301541114,668.356047408721,711.317170954078,557.614107410008,542.038000666651,577.566663130233,374.254720318892,363.405894017465,388.261257901877
"55","Ireland","Europe and central Asia",36706050762669.6,25269030194157.6,21241723288445.3,15404815556051.3,37262596377.8423,36808344476.2179,37755381476.1478,24168996443.8553,23865512095.2942,24498291892.0822,19652547777.6343,19401701222.5634,19924767832.9786,13247542247.3234,13072292808.0239,13437795962.6776,0.00101516223084775,0.00100278683517902,0.00102858740430189,0.000956467116393068,0.00094445698595952,0.000969498698756805,0.000925186130652806,0.000913376987314264,0.000938001477677516,0.000859961107558962,0.000848584831182147,0.000872311383007697,5403353.5,6896.19814395677,6812.12962953801,6987.39800683923,4472.96228978084,4416.79636457141,4533.905081739,3637.10199187121,3590.67775642726,3687.48182642105,2451.72599707263,2419.29253898045,2486.9363003323
"56","Israel","Middle East and north Africa",22849980355995,16054306840360.1,13634885605839,10090149985595.5,19125380143.2531,18623998316.1818,19656510691.7489,12723990110.5699,12381127199.2889,13087196278.4774,10486694490.4387,10199864342.6122,10790552706.4493,7271870201.57886,7066506201.42568,7489454710.79336,0.000836997662373714,0.000815055331603186,0.000860241907673752,0.00079255929496639,0.000771202850574842,0.000815182891956228,0.00076910762536562,0.000748071134402786,0.000791392976691228,0.000720690000838445,0.000700337082353948,0.0007422540518709,10830531,1765.87649702984,1719.58312258021,1814.91661782316,1174.82606444411,1143.1689913716,1208.36146246914,968.25303306354,941.769553368362,996.30874113645,671.423238766304,652.461656905435,691.513159492675
"57","Italy","Europe and central Asia",90329544851313.9,66353388314491.9,57615564125412.5,44517013219464.9,78454922236.3789,78138333981.9604,78741570066.1196,52347161548.5893,52115006253.8422,52557934653.5119,43209830029.554,43008567112.6218,43392836290.1508,30061852227.673,29907078179.5351,30203059182.9015,0.000868541099875117,0.000865036285863936,0.0008717144561697,0.000788914671553501,0.000785415900795228,0.000792091195168597,0.000749968010996102,0.000746474807033123,0.000753144344741589,0.000675289064867644,0.000671812325595517,0.000678461042163883,56462486,1389.50527676693,1383.8982219444,1394.58206048738,927.114005369677,923.002332094308,930.846981365856,765.283874138202,761.719331887402,768.525075040989,532.421690176253,529.68050644343,534.922588830069
"58","Jamaica","Latin America and Caribbean",1047605004961.74,766529941793.271,664265580017.74,511218473172.376,928757148.801277,812560853.455986,1066020615.11178,628609116.985574,547206077.632902,724807539.050126,522926429.167397,453968857.519847,604436503.628606,369907800.139412,319261977.994102,429806223.096005,0.000886552798433028,0.00077563666611698,0.0010175787725935,0.000820071184062248,0.00071387436784626,0.000945569767769884,0.000787224936678838,0.000683414693122777,0.000909931993785473,0.00072358065983794,0.000624511817839672,0.000840748614635998,2763714,336.054001536077,294.010470495857,385.720307930481,227.450856704266,197.996637001116,262.2585184466,189.211484678732,164.260432707526,218.704433102921,133.844457183128,115.519181070871,155.517619802919
"59","Japan","East Asia and Pacific",172403307437210,127508041250600,111083485638522,86370147914461.8,345798891147.159,345212967672.65,346202432002.14,231296722212.024,230866866154.251,231597898406.705,191164832269.805,190792088274.496,191428307464.755,133334470563.991,133047669316.175,133540834565.715,0.00200575555241654,0.00200235698957445,0.0020080962317282,0.00181397753383601,0.00181060632639249,0.00181633955109961,0.00172091135933452,0.00171755582909376,0.00172328322580445,0.00154375642260149,0.00154043581641126,0.00154614572037053,114907058.5,3009.37902041204,3004.27991264479,3012.89090958794,2012.90264698599,2009.16174487445,2015.52368870973,1663.64742745377,1660.40355366416,1665.94036923115,1160.36797307792,1157.87203199684,1162.16389409807
"60","Jordan","Middle East and north Africa",4493153737041.42,3250100083039.27,2800519802695.97,2131602253498.17,5338514023.34898,5017505501.70111,5732602998.49406,3582445931.58352,3361362589.05588,3854102559.51873,2965690528.27054,2780078225.86161,3193870711.01689,2075190123.16874,1941363456.74712,2239873612.45392,0.00118814408225974,0.00111670016103321,0.00127585284946621,0.00110225711210513,0.00103423356302079,0.00118584119290094,0.00105897859583623,0.000992700791897746,0.00114045639239625,0.000973535339326625,0.000910753145227329,0.00105079341550614,12683203,420.912132633135,395.602396468866,451.983856009721,282.45593258923,265.024740915673,303.87454647842,233.828200043044,219.193702557754,251.818938088186,163.617196946918,153.065708776176,176.60157394421
"61","Kazakhstan","Europe and central Asia",25526003015970.1,18132310260308.5,15484645789071.3,11583256404778.5,17196235938.0003,16669253703.7412,17882593110.1306,11612044656.5113,11247552134.5539,12087239238.6603,9644714714.12137,9338041232.21978,10044728327.1696,6795367279.05543,6573298503.81186,7085308906.01317,0.000673675229421607,0.000653030311612525,0.000700563778000909,0.000640406241113687,0.000620304416430305,0.000666613303276592,0.000622856657200928,0.000603051652547994,0.000648689577016927,0.000586654308735849,0.000567482776354682,0.000611685406798923,22183607,775.177631753046,751.422151669979,806.117468188586,523.451603542711,507.020888647815,544.872582653502,434.767651361718,420.943322346983,452.799597791721,306.323821867897,296.313331903683,319.393906771481
"62","Kenya","Sub-Saharan Africa",16346234736009.1,11406410891678.9,9652460106481.33,7089761663044.41,2913388543.85706,2336770536.04282,3657408156.55893,1952629629.59374,1561389951.38464,2457776393.45189,1616325330.37702,1290358307.60501,2037350314.57251,1132126190.65271,900699979.538938,1431287336.30477,0.000178229946584528,0.000142954666550527,0.000223746215298256,0.000171187032287098,0.000136887051169066,0.000215473247175837,0.000167452163753747,0.000133681806852387,0.000211070576008337,0.000159684661411674,0.000127042349566398,0.000201880881802473,69018977,42.2114130126423,33.8569280162298,52.991341157649,28.2911992392142,22.6226179994618,35.6101539066841,23.4185640041726,18.6957031774755,29.518697655755,16.4031146195156,13.0500337543244,20.7375912903602
"63","Kuwait","Middle East and north Africa",7120264050871.96,5281197296400.33,4605869916110.48,3586264139146.59,30963407263.3868,30734151162.2748,31179561756.9307,20342978063.5097,20180452344.2806,20495821573.1739,16656524745.3099,16518055639.8172,16786568962.7698,11394725966.4301,11291920707.644,11491015271.6137,0.00434863188249247,0.00431643418596408,0.00437898953383792,0.0038519632806325,0.00382118887284056,0.00388090435234144,0.00361636890504625,0.00358630528883156,0.00364460335800051,0.00317732479380107,0.00314865840036286,0.00320417426764002,4744327.5,6526.40595814408,6478.08380898553,6571.96657628098,4287.85282287315,4253.59597209101,4320.06887660557,3510.82945798112,3481.64321282989,3538.23992183714,2401.75788168715,2380.08879185596,2422.0535516601
"64","Kyrgyzstan","Europe and central Asia",1970284522332.18,1382662210546.93,1173534755105.55,867260172292.36,954000385.191902,890504519.702484,1024088808.11658,629633496.732904,587158307.738876,676540567.984191,516824413.063786,481689786.127534,555635511.390559,355498896.96696,330910042.662448,382677522.173086,0.00048419422391984,0.000451967474549521,0.000519766965892007,0.000455377670648744,0.000424657811040209,0.000489302855624134,0.000440399750254778,0.000410460605475813,0.000473471713533174,0.000409910322559029,0.000381557983676086,0.000441248813676737,7928448.5,120.326238505794,112.317626797031,129.166356837227,79.4144651041,74.0571509973075,85.3307640182302,65.1860717848878,60.7546086888922,70.0812411647195,44.8383939136339,41.7370488895082,48.2663817735697
"65","Lao People's Democratic Republic","East Asia and Pacific",4224536502323.62,2894408552916.26,2426911129665.86,1750658122346.17,880414056.568001,757649942.637047,1055027064.66882,582103664.912513,498076957.26409,701493648.002863,478293460.344758,407964283.772904,578166215.556218,329746064.424916,279340057.823532,401245388.846692,0.000208404887988007,0.000179345105012187,0.000249737945000244,0.000201113165011213,0.000172082464571994,0.000242361655301244,0.000197079099641613,0.000168100215449205,0.000238231309127426,0.000188355487696822,0.000159562883385347,0.000229196885288464,8755744.5,100.552735015052,86.531755539126,120.495414715313,66.482486430767,56.8857345328076,80.1181039491117,54.6262468422597,46.5939000130604,66.0327874524226,37.660539823303,31.9036328462453,45.8265300965203
"66","Latvia","Europe and central Asia",2674335960229.45,1921979666244.49,1650891555534.79,1249016935034.82,2207716381.78806,2114570055.69676,2307765845.93028,1470556197.82403,1406468992.02485,1539334182.30845,1212890672.75015,1159101361.6337,1270592632.9811,842577011.635785,803799866.328772,884140842.993344,0.000825519461510978,0.000790689758931909,0.000862930417213655,0.000765125783405122,0.000731781410972501,0.000800910753294429,0.00073468827718199,0.000702106299924843,0.000769640276322998,0.000674592143630379,0.000643546011092607,0.000707869379664332,1622114.5,1361.01143401903,1303.5886527719,1422.68985693074,906.567445037961,867.059009721478,948.967648281579,747.721984329805,714.561987845926,783.294047973247,519.431280366327,495.525973245891,545.054521732802
"67","Lesotho","Sub-Saharan Africa",164862638997.947,123444984470.239,108154639596.532,84950570906.999,123613981.231721,103926933.824584,149823731.540314,83145996.2305274,69204136.5784139,101752113.011995,68953717.6368302,57083071.9067466,84814272.7721769,48481498.8094215,39680843.6157191,60266472.0255311,0.000749799845392869,0.000630384994782706,0.00090877916580105,0.000673546977929855,0.00056060711478398,0.000824270936957557,0.000637547477334862,0.000527791245199406,0.000784194493075603,0.000570702448397874,0.000467105084663414,0.000709429864709312,2614644,47.2775571862636,39.7480245205787,57.3017709257222,31.8001212518903,26.4679002489111,38.9162398445046,26.3721247086908,21.832062761411,32.4381723753509,18.5422944039118,15.1763848599347,23.0495899348176
"68","Lithuania","Europe and central Asia",5363955801340.82,3798884883880.94,3239831741489.16,2418015652536.13,4307446419.26701,4152422066.46602,4477754684.39603,2863893294.77464,2758753732.77626,2979319824.06819,2359703893.12245,2272094612.51035,2455853191.08885,1635672704.50242,1573410458.16964,1703961809.17854,0.000803035404987916,0.000774134280791062,0.000834785902463389,0.000753877356728137,0.000726200929246879,0.00078426167550108,0.000728341494684484,0.000701300188961666,0.000758018745121634,0.000676452488132924,0.000650703173289789,0.000704694284088419,2456932.5,1753.18061007659,1690.08390196557,1822.49804762485,1165.63775959439,1122.84473943678,1212.61769465306,960.426830253762,924.768837772446,999.560708765442,665.737745950457,640.396290158415,693.532202931314
"69","Luxembourg","Europe and central Asia",3189371606388.91,2295411885856.42,1973272862032.16,1495647046869.49,1933699323.56108,1888800762.25017,1981574135.39787,1297256106.12141,1265253217.94731,1331385582.32831,1073846434.64044,1046502368.00746,1103011464.08294,751431093.1108,731008443.550183,773222347.606279,0.000606294769693038,0.000592217212464847,0.000621305504641856,0.000565151776948912,0.00055120966556956,0.00058002033993632,0.000544195612934416,0.000530338397767112,0.000558975641588164,0.000502412046133214,0.000488757320839995,0.000516981830188276,722516,2676.34117938022,2614.19921807983,2742.60242734814,1795.47042020026,1751.17674618598,1842.70740347385,1486.25972939068,1448.41410848682,1526.62565823171,1040.02000386261,1011.75398683238,1070.18024183032
"70","Malaysia","East Asia and Pacific",57618931587327.6,40161130322956.1,33969470002672.7,24932344844078.3,55312941236.4056,52270233565.3489,59036650271.9381,35958600578.6638,33950701263.5206,38415253848.346,29276887399.7707,27628016670.0101,31294016962.6764,19792357962.847,18655895187.3608,21182313338.1027,0.000959978599265989,0.000907171169707092,0.00102460508457124,0.000895358280245162,0.000845362194502638,0.000956528203748983,0.000861858821979478,0.000813319038178586,0.00092123948240035,0.000793842620364201,0.000748260755417547,0.000849591703891972,38109999.5,1451.40230811091,1371.56216875177,1549.11180914442,943.547652858505,890.860711334321,1008.00982294282,768.220618837077,724.954527223494,821.149760515646,519.348155930755,489.527563162545,555.820352033925
"71","Maldives","South Asia",977402503447.266,660722985570.561,550067824470.659,390937997341.134,487836506.262094,454257444.455797,529430916.979591,315843792.54014,294003400.343702,342942850.037077,256549828.679021,238756926.647461,278645855.435143,172515410.186087,160461900.265678,187510184.406926,0.000499115261667032,0.000464759853646421,0.000541671333061155,0.000478027553812731,0.000444972260333607,0.000519041803488843,0.000466396719215315,0.000434049977159128,0.000506566359708986,0.000441285859546544,0.000410453579230003,0.000479641748006664,526981,925.719345217558,861.999663091833,1004.64896643255,599.34569280513,557.901329163105,650.768908247313,486.829370848325,453.065531105412,528.758827045269,327.365522070221,304.492762102767,355.819629942875
"72","Mali","Sub-Saharan Africa",3095155183426.56,2148385061598.26,1813233069060.79,1324987220334.35,1495450861.6058,1269699708.12366,1793457763.08478,994316741.434937,843330744.472364,1193968120.32276,819306144.328815,694450968.008632,984555594.294426,567997789.443579,480711334.593414,683749265.176886,0.000483158605298177,0.000410221663496048,0.000579440337172139,0.000462820543303922,0.000392541709373542,0.000555751453342598,0.000451848225310161,0.000382990460442209,0.000542983475811194,0.00042868171158681,0.000362804506500908,0.000516042158508025,33051142,45.2465715588829,38.4162129140246,54.263110275729,30.0841871495677,25.5159335938336,36.1248673441529,24.7890419135537,21.0114061416889,29.7888525090729,17.1854209891924,14.544469737034,20.6876139159393
"73","Malta","Middle East and north Africa",1923986968877.12,1308335045871.5,1092822578948.07,782313175420.287,4508669051.25937,4429564825.9893,4595338885.78451,2924347685.83001,2873468105.51244,2980058138.58123,2377808969.21645,2336587382.60614,2422928720.05422,1602677601.06873,1575051655.60897,1632893330.08489,0.00234339895445899,0.00230228421379303,0.00238844595110041,0.00223516728001585,0.00219627847972106,0.002277748462051,0.00217584172858625,0.00213812143674346,0.00221712908090395,0.00204863940864567,0.00201332625487586,0.00208726298033731,537899.5,8381.99152678032,8234.93017931658,8543.11797238055,5436.60606828973,5342.01668808474,5540.17644296236,4420.54504459746,4343.91067960863,4504.42642176507,2979.51123038547,2928.1522953804,3035.68478885905
"74","Mauritania","Sub-Saharan Africa",1407717307836.52,992532966840.515,844314765929.322,626590787031.312,444566157.731884,372841806.954288,543013988.978069,293059919.561799,245098409.950959,358909692.020446,240395903.236008,200739216.569598,294852143.055767,165120340.086335,137402933.398232,203195436.60101,0.000315806416002034,0.000264855596275432,0.000385740791816087,0.000295264670648355,0.000246942336566582,0.00036160984472178,0.000284723083068917,0.000237754004395088,0.000349220640161645,0.000263521812806487,0.000219286552311478,0.000324287303303194,6576462.5,67.5995883397623,56.6933677420479,82.5693127540937,44.5619388176849,37.2690348269999,54.5748861215959,36.5539837315286,30.5238897917532,44.8344597199128,25.1077748997025,20.8931372144572,30.8973763023829
"75","Mauritius","Sub-Saharan Africa",1480205392102.07,1047828175360.57,893240078337.046,665809386098.173,4535173675.16049,4384525697.66377,4697117298.91681,2945627613.32498,2844540831.92569,3054292062.96623,2397548350.88516,2313797804.45273,2487577528.99037,1620428448.02966,1561625609.25328,1683642456.25398,0.00306388133657586,0.00296210628677498,0.00317328752075841,0.00281117427703388,0.00271470160739555,0.00291487873182568,0.00268410297413961,0.00259034257482081,0.00278489242625736,0.00243377231060953,0.00234545448270839,0.00252871541226024,1298544,3492.5067422902,3376.49374812388,3617.21843766311,2268.40801183863,2190.56176142333,2352.08977359738,1846.33585838074,1781.84012590465,1915.66672287606,1247.88104833541,1202.59737771941,1296.56173087241
"76","Mexico","Latin America and Caribbean",96953127859586.4,70884214515380.6,61402036358611.7,47215145370389.3,142724107165.689,138750616290.98,147217684536.92,95008716458.0865,92275399751.4956,98099515912.9978,78337501510.9508,76043636134.8283,80931271525.5946,54387197039.3443,52733893824.5744,56256532567.8615,0.00147209389028058,0.00143111026280583,0.00151844182634448,0.00134033673234076,0.00130177643051223,0.00138394022680059,0.00127581276056431,0.00123845462861694,0.0013180551708892,0.00115190150560148,0.00111688513105047,0.0011914933677858,138200922.5,1032.72904828612,1003.97749726294,1065.24386287595,687.468033783107,667.690186738772,709.832569409931,566.837761238177,550.239714462313,585.605870507808,393.537149068917,381.574108700862,407.063365064452
"77","Mongolia","East Asia and Pacific",2500411564403.36,1739797881863.74,1470341723949.9,1077487134619.54,1315310583.32684,1207365160.33505,1445218201.37195,863579076.385898,791858956.791778,949938895.32666,706788337.97594,647686062.413473,777976111.924103,483045865.053402,442021289.87027,532491149.919119,0.000526037633984746,0.000482866571857001,0.000577992128154632,0.000496367471985193,0.0004551442239621,0.000546005317760847,0.000480696647903888,0.000440500362509975,0.000529112450018872,0.000448307779771278,0.000410233473484904,0.000494197223159552,3925745,335.047381663058,307.550582204155,368.138582962457,219.97839298933,201.709218706711,241.97671915182,180.03928884223,164.984241822501,198.172859399707,123.045655042139,112.595517505663,135.640789179918
"78","Morocco","Middle East and north Africa",14257342679752.8,10195287786876.7,8735491079819.22,6576971549935.81,25668202026.3079,23985124164.2408,27907297979.6087,16883060512.7921,15745519702.9128,18408811242.8038,13830756738.1778,12885006390.1332,15104980917.446,9470587177.2133,8802147604.84264,10379940483.0269,0.00180034965861906,0.00168229975970927,0.00195739827585406,0.00165596703748999,0.00154439188300112,0.00180561957912551,0.00158328325354595,0.00147501797808485,0.00172915074601148,0.00143996170658602,0.00133832836861345,0.00157822493289152,41685254.5,615.762152209192,575.386295512261,669.476492691407,405.012772868931,377.723967186354,441.61446208284,331.790147477156,309.102260372027,362.357891264548,227.192739754373,211.157343536013,249.007487360474
"79","Mozambique","Sub-Saharan Africa",2473023529299.37,1745749444194.25,1485489237850.21,1102356381297.13,2449147086.92119,2258308383.2909,2710533048.70663,1566524767.30548,1438178336.96488,1742368806.32572,1264703352.18412,1158295447.25136,1410513155.42463,840215098.248031,765481005.197626,942657149.502391,0.000990345242535988,0.000913177071117758,0.00109604013734335,0.000897336540770608,0.000823817152998534,0.000998063503396909,0.00085137160200123,0.000779740046402246,0.000949527683866573,0.000762199151293849,0.000694404294459559,0.000855129217280148,46273717,52.9273904432875,48.8032630551572,58.5760821571051,33.8534457326063,31.0798100996486,37.6535303253404,27.3309220476955,25.0313897898317,30.481950594646,18.1575017681858,16.542457680623,20.3713297875421
"80","Namibia","Sub-Saharan Africa",822538037324.081,611636939676.063,534073733818.789,416799074825.378,421747381.408913,362611984.102013,507629384.840912,286815745.066025,245247091.161882,347228104.996234,239121526.209083,203862467.848762,290381681.005126,169810669.384636,143869843.572031,207548918.150492,0.000512739061625601,0.000440845246843148,0.000617150042680525,0.000468931365096963,0.000400968409939024,0.000567702966371086,0.000447731298259683,0.000381712214886667,0.000543710844809403,0.00040741613799354,0.000345177934073646,0.000497959162307274,3127696,134.842830444171,115.935814766529,162.301382500381,91.7019253361021,78.4114220697542,111.017216825495,76.4529309143481,65.1797578309279,92.8420412358253,54.2925749128547,45.9986659739409,66.3584050849226
"81","Nepal","South Asia",8221903996393.65,5663381854307.05,4761395081046.4,3452718750757.34,7105704461.45,6436395924.28107,8020652144.76714,4646111042.25782,4206754709.83501,5247186276.41839,3794790212.67668,3434887657.7262,4287371836.93338,2583118444.9888,2336184150.77561,2921380897.44119,0.000864240748197346,0.000782835207891536,0.000975522476093763,0.000820377499130562,0.000742799058593539,0.000926511122047661,0.000796991249010722,0.000721403622102143,0.000900444463010441,0.000748140416714279,0.000676621618909208,0.000846110299832674,34448817,206.268460871965,186.83938912274,232.828086513599,134.869973684664,122.116086303777,152.318330014595,110.157344813225,99.7098872140138,124.45628646503,74.9842424193783,67.8160922267842,84.8035187228981
"82","Netherlands","Europe and central Asia",41898525772971.8,30265455532271.6,26065730724084.8,19827523025109.8,48657021230.4998,47918800724.1603,49436294339.2598,32373841573.1589,31851431444.6019,32926063851.2905,26683596395.8168,26238793941.6727,27154129575.9206,18507920400.3254,18177915201.9067,18857558420.937,0.00116130628304559,0.00114368703528638,0.00117990534099294,0.0010696631193487,0.00105240218210624,0.00108790907892273,0.0010237041377536,0.00100663949226745,0.00104175593093311,0.000933445916410575,0.000916802122932148,0.000951079890163566,17994135,2704.04891541048,2663.02329754447,2747.35597678131,1799.13297155762,1770.10072696475,1829.82198651341,1482.90520193479,1458.18590010982,1509.05445446089,1028.55293685,1010.21333906335,1047.98360248698
"83","New Zealand","East Asia and Pacific",10325317809698.4,7367981346156.57,6307301213449.51,4741861089312.81,12606240035.72,12398875912.884,12812555026.7369,8315463979.22905,8175252051.87335,8455405286.80193,6822700743.75803,6706062792.09468,6939303644.34836,4687453442.5184,4604860899.92164,4770296062.29861,0.00122090576465154,0.00120082269053626,0.00124088723106443,0.00112859460258633,0.00110956470541798,0.00114758777059236,0.00108171474817304,0.00106322221900468,0.0011002017201194,0.000988526098557161,0.00097110835032685,0.00100599658498008,5647638,2232.12607389496,2195.40910959307,2268.65727348971,1472.3790687769,1447.55241959087,1497.15780062425,1208.06268811104,1187.41016901131,1228.70900088645,829.984755134518,815.360492283967,844.653297944842
"84","Nicaragua","Latin America and Caribbean",1524723748305.07,1120362672701.04,972670857217.039,750840060091.369,2438514914.73672,2342642899.90253,2550178419.03794,1619089198.48476,1551981172.61583,1697492987.88682,1333065397.51399,1276263900.42871,1399530604.88681,922552781.896866,880936461.724493,971397394.549127,0.00159931588751566,0.00153643760222577,0.00167255112401364,0.00144514739551378,0.00138524891129603,0.00151512811810697,0.00137052054929259,0.0013121230999768,0.00143885323026032,0.00122869413998049,0.0011732677950312,0.00129374742529177,8103378.5,300.925708300152,289.094591830127,314.705578548249,199.804217276135,191.52273000895,209.479661833249,164.507359185306,157.497752379296,172.709519231616,113.847919345846,108.71224412441,119.875604298766
"85","Niger","Sub-Saharan Africa",2575690993936.25,1766973230545.3,1482167467707.5,1069409684607.75,1091671586.84504,938264730.508839,1322171149.29362,702905160.718118,602784001.977038,853386231.127036,569422366.538827,487689095.429362,692286570.157795,380959747.121533,325329411.769711,464614074.149324,0.000423836395520689,0.000364276899953342,0.000513326774215659,0.00039780181644359,0.000341139294900928,0.000482965002737294,0.000384182205415401,0.00032903778152929,0.000467077159120602,0.000356233679762556,0.000304214013069312,0.00043445845014929,41971174,26.0100321912616,22.3549794082205,31.5018862539709,16.7473314117475,14.3618570683069,20.3326747811971,13.5669868691028,11.6196200618396,16.494334186549,9.07669981119739,7.75125832243127,11.069837459141
"86","Norway","Europe and central Asia",13518338344919.9,9882074676332.64,8560158935467.8,6583317251778.09,21847584234.78,21775378330.2164,21912625237.0081,14575253459.2099,14522723480.4576,14622670439.0815,12030269366.8154,11984922427.3947,12071249457.3592,8368370028.18402,8333805585.0361,8399682721.0635,0.00161614420924671,0.0016108028793642,0.00162095552559111,0.00147491836852006,0.00146960268527814,0.00147971665040161,0.00140537920586611,0.00140008176457295,0.00141016651073425,0.00127114791952701,0.00126589761154002,0.0012759042895578,5927178.5,3686.00072273511,3673.81855130842,3696.97407240361,2459.0542463349,2450.1916857165,2467.05417072921,2029.6789386072,2022.0282597183,2036.59286747635,1411.86401391219,1406.03249674969,1417.14691417907
"87","Pakistan","South Asia",73027502729931,50941330989248.4,43107050309470.1,31670845351206.3,36291352772.782,30224512473.7405,44236617671.6804,23989242803.8514,19941755078.7168,29293004945.0408,19709932460.7368,16366725981.1501,24092288583.8565,13588294110.334,11255614455.1898,16648358181.838,0.000496954591299582,0.000413878488841612,0.000605752846777131,0.000470919042317809,0.000391465136294253,0.00057503414960287,0.000457232223481707,0.000379676314283896,0.000558894389917552,0.000429047408101989,0.000355393559293203,0.000525668260421217,298432780,121.606456143263,101.277455089687,148.229754357683,80.3840744433349,66.8215974086922,98.1561239520699,66.0447972931687,54.842252855568,80.7293641933587,45.5321768283431,37.7157444138335,55.7859568303388
"88","Panama","Latin America and Caribbean",8374312049819.53,5870197639086.29,4979306985879.31,3675001256520.63,17956977872.025,17620042628.5959,18322867591.1531,11713716995.8438,11490667369.7105,11955960061.7962,9553605865.1985,9370165674.55258,9752847339.04453,6480836379.64084,6354055452.64107,6618569396.46071,0.00214429290014479,0.00210405852131766,0.002187984813815,0.00199545530083159,0.00195745834743292,0.00203672189539042,0.00191866175198503,0.00188182124563221,0.00195867564837886,0.00176349228946297,0.00172899408982975,0.0018009706485725,5120748,3506.70993222572,3440.91188017764,3578.1623292443,2287.50116112798,2243.9431445778,2334.80734880846,1865.66608339221,1829.84315466267,1904.57474943983,1265.60345864332,1240.84517586905,1292.500509
"89","Paraguay","Latin America and Caribbean",4393742886518.5,3139045419290.41,2688261027823.55,2021898077188.71,5518761782.88336,5177243645.97462,5953475101.59949,3649372743.84262,3418939395.71411,3942723953.0468,2998132887.37606,2806691839.59834,3241861814.31664,2065340934.28274,1930200094.58256,2237417923.84562,0.00125605023448614,0.00117832194092653,0.00135498941457562,0.00116257404923678,0.00108916531589625,0.00125602641134707,0.00111526851609473,0.00104405480366268,0.00120593267571985,0.00102148617558133,0.000954647574157819,0.00110659283427213,7773694,709.927839053526,665.995297213219,765.848913219313,469.451555958161,439.808847082752,507.187953763912,385.676730699209,361.049951232752,417.029769156934,265.683333339689,248.298954728931,287.819140275604
"90","Peru","Latin America and Caribbean",20017888888259.6,14282507417491.1,12224486575709.4,9185838888254.81,11814029543.2068,10701844698.3708,13249428441.884,7783615830.5405,7040519678.69818,8745484905.32673,6382653661.26334,5768438003.11848,7178895135.12591,4380363311.18348,3951273805.19654,4938302801.15283,0.000590173599681417,0.0005346140523663,0.000661879407755866,0.000544975444648345,0.00049294703464155,0.00061232139775517,0.00052212038695727,0.000471875687162242,0.000587255349389535,0.000476860454931808,0.000430148389631427,0.000537599544388596,38292986,308.516801045675,279.472713315457,346.001443760066,203.264791900545,183.859249803559,228.38346702257,166.679445193001,150.639545401826,187.472847772329,114.39074798668,103.185314542891,128.961026992067
"91","Philippines","East Asia and Pacific",79875515296797,54418167011198.8,45487444629560,32593880491616.3,57677075605.3474,54643618067.5229,60815919959.2778,37500110205.1495,35528458108.8775,39540318275.28,30539598053.607,28933550634.5533,32201521411.0132,20665000538.7444,19576804240.4397,21791114331.5284,0.00072208705497591,0.000684109740819589,0.000761383757379234,0.000689110131133823,0.000652878626021454,0.000726601435640839,0.000671385220742008,0.000636077732442038,0.000707921090605451,0.000634014736111577,0.000600628214412064,0.000668564589513465,137561513,419.282067691037,397.230423508957,442.099818713667,272.60611916321,258.273243249931,287.437361024664,222.006849064004,210.331727265556,234.088159607645,150.223707838575,142.313091892495,158.409964068427
"92","Poland","Europe and central Asia",74495277041460.9,52184154605057.6,44257044072261.1,32665801202068.6,81037315973.4001,79707855382.1501,82244508185.2883,53490477503.6681,52608143599.9384,54294236021.2166,43902165929.0708,43175509097.6258,44565232618.3164,30180949161.4855,29677188724.6752,30642245629.6727,0.00108781817038278,0.00106997193040558,0.00110402312000953,0.00102503294167544,0.00100812486085268,0.00104043528983326,0.000991981431416638,0.000975562421817657,0.00100696360438244,0.000923931085442786,0.00090850943900301,0.000938052780035049,37971541.5,2134.15923536842,2099.14720955298,2165.95126076955,1408.69913073369,1385.46241531802,1429.86652309642,1156.18603287598,1137.04915291958,1173.64823385736,794.830759280223,781.56397007678,806.979238113699
"93","Portugal","Europe and central Asia",15886740455847.5,11407729748562.8,9795439860931.14,7407424177219.76,18123816505.9819,17841872874.9321,18406200041.5429,11933768068.187,11732137666.7206,12136342344.4613,9782776967.82546,9610194630.92058,9956447668.6911,6709557923.95567,6580186707.14299,6840175967.14657,0.00114081403648229,0.00112306693273666,0.00115858883026997,0.00104611244579058,0.00102843755289686,0.00106387007861843,0.000998707266515291,0.000981088625662498,0.00101643701661649,0.000905788269097609,0.000888323194367511,0.000923421665007701,9910155,1828.81261756066,1800.36264568335,1857.30697870446,1204.19590492651,1183.85006760445,1224.63698544183,987.14671645655,969.732020429608,1004.67123558523,677.038646111556,663.984237092456,690.21886813542
"94","Qatar","Middle East and north Africa",10140525591820.2,7424256270783.04,6434113221949.71,4949804564945.4,12387999150.6459,12104674590.468,12757038739.4419,8170172933.302,7972803718.83888,8427221828.06817,6702335414.34375,6535750587.85714,6919282535.91987,4602100027.74098,4480827986.19841,4760029789.84777,0.00122163284718088,0.00119369301727636,0.00125802539759204,0.00110047022022319,0.00107388584499899,0.00113509306800631,0.00104168751514646,0.00101579663931942,0.0010754057781133,0.000929753885705535,0.000905253516054292,0.000961660147868944,2962241,4181.96870229191,4086.32335804818,4306.54991928135,2758.10541184934,2691.47706713899,2844.88055768189,2262.58951055763,2206.35342899418,2335.82700932162,1553.58731033058,1512.64802094037,1606.90159573369
"95","Republic of Korea","East Asia and Pacific",101192648442192,72634261245055.1,62356906462184,47138774980542.2,360890988437.241,354795455337.259,368633127975.202,236584576827.61,232260735788.198,242079083759.14,193488015433.554,189802980772.152,198171991156.93,132051728104.867,129313836431.156,135533761994.265,0.00356637556179198,0.0035061386454367,0.00364288447481232,0.0032572035947253,0.00319767464839481,0.00333284980957414,0.00310291235423768,0.00304381649989736,0.00317802794269646,0.00280133983454969,0.00274325831514573,0.00287520755577993,50532567.5,7141.7504847194,7021.12465069698,7294.96137268707,4681.82379269785,4596.25835928875,4790.55578878196,3828.97653940806,3756.05258474452,3921.66875662769,2613.20044948967,2559.01971399249,2682.10717759918
"96","Republic of Moldova","Europe and central Asia",1881154339603.4,1323471283726.12,1124725659469.04,833271202394.162,2338684946.99003,2268403829.937,2416000343.17723,1548176371.89582,1500930069.94438,1600171453.47036,1272522716.40091,1233341424.64349,1315651054.00702,877347986.357291,849783459.345637,907702243.075273,0.00124321800596281,0.00120585737288055,0.00128431798088752,0.00116978463449321,0.00113408586072124,0.00120907153267823,0.00113140720644859,0.00109657089643151,0.00116975285744624,0.00105289608453585,0.00101981618577965,0.00108932390855133,3112811.5,751.309530625298,728.731511669434,776.147332781709,497.356287682637,482.178271939814,514.059863075666,408.801726799361,396.214619691392,422.656834185758,281.850663413859,272.995476708319,291.602059127343
"97","Romania","Europe and central Asia",37157610889350.6,25825659412538.3,21814210247500.5,15970020942774.3,32568784337.2029,31808297442.1357,33345386840.3915,21366028329.3024,20859201838.0236,21883636433.238,17478470545.0506,17060114586.5738,17905753270.8655,11932141474.4712,11640707760.0048,12229847810.9206,0.000876503724477537,0.000856037206936035,0.0008974039514997,0.000827317823254853,0.000807692903589385,0.000847360219681885,0.000801242417064047,0.000782064277964341,0.000820829774156833,0.000747158786906284,0.000728909987138851,0.000765800361486316,18680470.5,1743.46702548005,1702.75676097857,1785.03998817329,1143.76285807696,1116.63150229667,1171.47137344522,935.654728024682,913.259362850299,958.52795950003,638.749515140489,623.148531510745,654.686283780732
"98","Russian Federation","Europe and central Asia",150323919923584,109557867080958,94772582145446.6,72711286686797.1,127605989685.226,126455964273.808,128526377618.808,85539229538.8675,84740341261.1042,86178680187.2943,70778164320.0017,70104303180.0069,71317649565.6132,49483823086.9025,48993076583.2374,49876986709.9984,0.000848873484340307,0.000841223168861555,0.000854996182138833,0.000780767568938323,0.00077347563912033,0.000786604216414805,0.000746821102873182,0.000739710806575033,0.000752513521855537,0.000680552158292198,0.000673802910327724,0.000685959346653331,139227987,916.525423047494,908.265406967408,923.136076217262,614.382434035102,608.644447765407,618.975265276904,508.361614967555,503.521631609936,512.236448305564,355.41577633312,351.891007252999,358.239659889634
"99","Rwanda","Sub-Saharan Africa",2858437372766.35,1938806475378.73,1616784014093.35,1152738467868.04,677617817.449986,487814910.060333,1003521784.63961,445834769.997073,318987017.014264,663659124.94789,365369508.872172,260548318.189787,545379596.652772,250497318.549583,177368382.671683,376099844.623257,0.000237058829382082,0.000170657896761346,0.000351073560050895,0.000229953208666679,0.0001645275178648,0.000342302923667639,0.000225985354683917,0.000161152210758278,0.000337323719123118,0.000217306288921607,0.000153866976435445,0.000326266412639845,18040220,37.5615052061442,27.0404080471487,55.6269150065581,24.7133776637465,17.6819915175238,36.7877511997021,20.2530517295339,14.4426352998903,30.2313162839905,13.88549133822,9.83183035859225,20.8478524443303
"100","Saudi Arabia","Middle East and north Africa",72410670375419,52735055516071.3,45586812134110.1,34905133338475,149602666368.081,141847560364.071,159341090698.081,99379151971.9143,94082496993.6423,106035071193.538,81831636863.4674,77406133704.2911,87394847527.6348,56626079082.8597,53469594341.7819,60596952793.5995,0.00206603067741886,0.00195893173794209,0.00220051947968392,0.00188449885942811,0.00178405988337246,0.00201071318036677,0.00179507258859712,0.00169799400485765,0.00191710811606065,0.00162228513880055,0.00153185475108453,0.00173604702225289,42755975.5,3498.98849502524,3317.6078596095,3726.75605771364,2324.33363546843,2200.45258922095,2480.00589282633,1913.92281211003,1810.4167382239,2044.03820765672,1324.40152331128,1250.57594211087,1417.27447649041
"101","Senegal","Sub-Saharan Africa",4783743876500.99,3277874744062.82,2748024607638.52,1980795944818.03,3145574404.57796,2677481271.85153,3818154323.05853,2039923648.19566,1733512411.24121,2480327416.80156,1658893685.77266,1408372213.59752,2019029039.27409,1118928407.91244,947879033.132014,1364911510.28162,0.000657554937259465,0.000559704144070928,0.000798151912315856,0.000622331177202714,0.000528852548249778,0.000756687674321342,0.000603667696847231,0.000512503494212807,0.00073472014539532,0.000564888276775644,0.000478534417243616,0.000689072245857718,23753290,132.426893477828,112.720438804542,160.74212553539,85.8796254411772,72.9798866279665,104.420373632518,69.8384807229929,59.2916692212961,84.9999742887865,47.1062496147877,39.9051682159404,57.4619983287208
"102","Serbia","Europe and central Asia",6901585976047.11,4900455707745.21,4183882357186.63,3128074849628.41,9436830983.70914,8914003713.24197,10032567056.585,6228441097.38421,5870821680.75934,6636078871.83115,5111582720.12328,4812458758.45491,5452612654.35157,3513224950.17548,3299249654.18035,3757286754.03729,0.00136734237847082,0.00129158772261611,0.00145366109926101,0.00127099222375178,0.00119801545629327,0.00135417587008138,0.00122173194266401,0.00115023758978036,0.00130324234499224,0.00112312688124864,0.00105472209354974,0.00120114988760056,6581784.5,1433.78000050125,1354.34451146828,1524.29285045492,946.31495415631,891.980234351237,1008.24918710589,776.625658303349,731.178414980756,828.43986374084,533.780003003058,501.269777851333,570.861406057474
"103","Sierra Leone","Sub-Saharan Africa",837664369445.957,585011761571.044,495305753740.203,364233688778.62,440777935.366606,374314807.658611,538242958.486521,287685635.643819,243583455.644857,352378416.131845,234753658.767217,198430886.757404,288044562.256286,159497541.106061,134309155.681188,196468590.650949,0.000526198739547849,0.000446855353184221,0.000642552050820214,0.000491760430373642,0.000416373604166035,0.0006023441566124,0.000473957059845401,0.000400623019738803,0.000581548992882022,0.000437898925936538,0.000368744462192844,0.000539402577805926,11037682.5,39.9339204916074,33.912445629652,48.7641276587292,26.0639527947845,22.0683513631468,31.9250364496211,21.2683829931887,17.9775860337896,26.096471089496,14.4502744218328,12.1682387295692,17.7998045016197
"104","Singapore","East Asia and Pacific",27704223395937.1,19756945324069.6,16906864120528.6,12700973009372.2,52069428437.2842,51659226657.576,52478193652.3706,34610015910.0512,34316797723.5024,34903419806.1001,28511253631.0287,28260358499.7022,28762835774.377,19752311600.7343,19564383512.8403,19941546468.4615,0.00187947619729779,0.00186466972631877,0.00189423081464419,0.00175178983098598,0.00173694855963866,0.00176664050204045,0.001686371489578,0.00167153165118231,0.00170125196306822,0.0015551809759897,0.00154038462237527,0.00157008021777122,6349372.5,8200.72037627092,8136.11528660131,8265.09921293334,5450.9348616814,5404.75420579001,5497.14476605367,4490.40493860278,4450.88998947569,4530.02808929182,3110.9076685506,3081.30976924732,3140.71138029175
"105","Slovakia","Europe and central Asia",8011250599562.11,5736500127407.24,4918766746710.4,3709225109016.04,7015666932.26608,6587936670.61417,7512598979.55206,4655873824.88321,4363871981.03903,4995073115.32652,3832207887.04586,3588135818.80974,4115720195.8469,2650226265.05661,2475769198.18899,2852874410.44177,0.000875726810075015,0.000822335612741195,0.000937756082672373,0.000811622717942404,0.000760720279633532,0.000870752724550914,0.000779099332085382,0.000729478750178474,0.000836738232931951,0.000714495935718403,0.000667462643928275,0.00076912948839564,5461171,1284.64516717497,1206.3230890617,1375.63884733733,852.54130018694,799.072576383166,914.652391460828,701.719079487872,657.026820586599,753.633276791168,485.285347237179,453.340354694806,522.392433864783
"106","Slovenia","Europe and central Asia",4322772337010.69,3054396460910.27,2601746173190.4,1936969678590.47,3167709785.50847,3081615323.3376,3269952863.90392,2102766456.55866,2043577262.74219,2173063424.50793,1730907387.41005,1681249872.06543,1789887973.17982,1197110038.60936,1161341629.7119,1239602363.52805,0.000732795886192569,0.000712879393844881,0.000756448086776917,0.000688439265651845,0.000669060905778146,0.000711454276587367,0.000665286800551923,0.000646200574594789,0.000687956416203724,0.000618032410027448,0.000599566241303791,0.000639969937180486,2087469.5,1517.48793719308,1476.24447846428,1566.4673730102,1007.32799044904,978.973471345181,1041.00367670422,829.189306674924,805.400927805379,857.443892320257,573.474265664413,556.339448174884,593.830167831458
"107","South Africa","Sub-Saharan Africa",28202260753966.5,20745174353479.8,18024308830492.4,13941053830841.6,21297001074.9001,20174865078.2258,22471734711.1998,14345185709.326,13556706178.4639,15171447289.6611,11902345422.6224,11233604160.1693,12603498371.1263,8372681610.14797,7880623129.7472,8889145974.54894,0.000755152264589455,0.000715363397786765,0.000796806146402262,0.000691495066028198,0.000653487213337877,0.000731324163930984,0.000660349616429494,0.000623247430224064,0.000699250023379786,0.000600577381863716,0.000565281737332726,0.000637623674824611,67314132.5,316.382315034664,299.712175273533,333.833830677381,213.108082605477,201.394650350191,225.382794462383,176.817927834432,166.883293937856,187.234060709708,124.382225532625,117.0723418258,132.054676253147
"108","Spain","Europe and central Asia",79808839589980.4,57513120947964.7,49471972629562.1,37539516868432.7,118737124827.762,117190946056.621,120330783397.772,78126854088.6667,77029697591.7566,79258779549.7114,64016104698.0815,63080805540.5676,64981547241.5282,43857506290.5797,43162139508.8132,44576092338.2818,0.00148776909221806,0.00146839556443487,0.00150773753904923,0.00135841791926667,0.00133934128981541,0.00137809908840491,0.00129398730827702,0.00127508167125063,0.00131350224758772,0.00116830236372754,0.00114977876939883,0.00118744448668614,46629612,2546.38886610856,2513.23013488984,2580.56583009466,1675.47725013596,1651.94807093305,1699.75207063081,1372.86376515596,1352.80571368614,1393.56825961855,940.550530220575,925.63797247151,955.96103905565
"109","Sri Lanka","South Asia",15114901085302.8,10740898861419.1,9174036359728.29,6864500104626.96,21209293399.2528,18826293872.9418,24059391100.5007,14243050206.6608,12616233062.1601,16196997586.446,11796280076.9965,10436726079.528,13432632748.9378,8263110046.20349,7292058812.32025,9436618615.13495,0.00140320424722302,0.00124554529114635,0.00159176636120333,0.00132605756654327,0.00117459751040736,0.00150797412725158,0.00128583315069245,0.0011376373136412,0.0014642009495301,0.00120374534492815,0.00106228548345496,0.00137469859003633,22157456,957.207966440407,849.659540018574,1085.83725047229,642.810718281954,569.389963457903,730.995362754912,532.384226645717,471.0254678844,606.235334459777,372.926839895496,329.101807189429,425.88908289539
"110","Sudan","Sub-Saharan Africa",4802870838846.62,3575027634171.88,3123799974595.31,2442044738761.83,1844024833.50607,1508188477.25502,2284433798.34509,1246109871.71963,1010567112.33729,1555942037.50773,1035637766.10517,836094232.102412,1298530608.46348,730977948.19143,584557986.166281,924498956.349559,0.000383942207771072,0.000314018121215436,0.000475639232241707,0.000348559507570989,0.000282673930315333,0.000435225177739961,0.000331531395904867,0.000267652935175764,0.000415689422826026,0.00029933028522731,0.000239372349280818,0.000378575765494902,63574240.5,29.0058492087856,23.7232637840954,35.9333242580395,19.600861322435,15.8958582027777,24.4744101584309,16.2902105941033,13.1514623773195,20.4254207089345,11.4980209349324,9.19488745077939,14.5420369803641
"111","Sweden","Europe and central Asia",22616623569219.8,16377639476586.6,14121846908591.4,10766257041137.1,40135249908.3917,39741009405.7823,40548404878.4423,26531251516.9104,26254214053.7866,26821926106.7406,21792979429.0266,21557948883.7335,22039739004.3267,15007465409.536,14834360117.6818,15189461144.5417,0.00177459070252263,0.00175715925430479,0.00179285845892695,0.00161996797858686,0.00160305238684241,0.00163771623774507,0.00154321028758414,0.00152656724175491,0.00156068389262301,0.00139393526944355,0.00137785676684114,0.00141083954121696,11238751.5,3571.14844192362,3536.0697676946,3607.91008489175,2360.69384725789,2336.04364806772,2386.55744872912,1939.09256103995,1918.18004728848,1961.04869872127,1335.33207932714,1319.92954178957,1351.52566942526
"112","Switzerland","Europe and central Asia",24214106351905.3,17598992092364.1,15202390148317.9,11630307138315,36696074060.2239,36117745602.9382,37297903205.408,24669321090.175,24249623596.7921,25106610745.737,20444049528.1639,20082283791.3758,20821233663.4668,14340807745.9971,14066013844.1399,14627729131.9643,0.00151548331071638,0.00149159936270356,0.00154033779580196,0.00140174624550679,0.00137789843131492,0.00142659367161318,0.00134479179449463,0.00132099515901438,0.00136960263881733,0.00123305494648139,0.00120942754794503,0.00125772509341345,9335953.5,3930.6187697083,3868.67239676571,3995.08236683141,2642.39973883492,2597.44477056276,2689.23905262992,2189.81912540202,2151.06938904267,2230.22036939953,1536.08388752119,1506.64994680403,1566.81683686238
"113","Tajikistan","Europe and central Asia",3351087281635.36,2272435391176.97,1895149390181.15,1352017159859.88,2558323018.25873,2185718781.05257,3088707054.57701,1620656627.10802,1382313899.47365,1960164210.7275,1301610843.61254,1109087549.48548,1575953868.76007,855201336.083715,727005346.50956,1038024071.59387,0.000763430732550256,0.0006522416748232,0.000921702956381874,0.000713180508189774,0.000608296237965958,0.000862583032432119,0.000686811736508078,0.00058522433916382,0.000831572369400088,0.000632537338632852,0.000537719023170464,0.000767759539162542,12364586,206.907292994584,176.77250019148,249.802707068155,131.072453789235,111.796213757068,158.530516972222,105.269262036961,89.6987209669196,127.457067204682,69.1653837891309,58.7973868683966,83.9513811132754
"114","Thailand","East Asia and Pacific",60187477882643,42809536504726,36583682798246.1,27405534513555.6,49818401131.8494,43422818592.9402,58064562637.3098,33273193275.0897,28951177710.4977,38846418990.7394,27483580132.0216,23889813212.8698,32118147644.8083,19153008514.2138,16611388566.0526,22431519992.2175,0.000827720364508182,0.000721459348697224,0.000964728290335199,0.000777237877158901,0.00067627870036158,0.000907424423678376,0.000751252417193471,0.000653018268953915,0.000877936423785855,0.000698873744087719,0.000606132624701631,0.000818503283748113,71601103,695.777006840934,606.454604378653,810.945086101674,464.702244532318,404.339828542833,542.5393934328,383.842971413745,333.65146920809,448.570570830568,267.495998130277,231.999059652092,313.284559208781
"115","Togo","Sub-Saharan Africa",1191763563951.47,833147423152.1,705677380797.736,519232726310.644,370677572.411617,265639584.522903,517387124.695019,247340212.367747,175925578.695841,347109559.552914,204279222.87747,144717284.42801,287500203.188677,142436650.409913,100061686.954084,201659699.503288,0.000311032811896497,0.00022289621243507,0.000434135713110363,0.000296874485228519,0.000211157802097317,0.00041662441712857,0.000289479624026693,0.000205075702248546,0.000407410257168327,0.000274321403856768,0.000192710670733454,0.000388380179608787,11719540.5,31.6290192786669,22.6663822291414,44.1473899676373,21.1049411338053,15.0113034462265,29.6180178355042,17.430651216869,12.348375299186,24.5316958620244,12.1537743233118,8.53802134598059,17.2071336332075
"116","Tunisia","Middle East and north Africa",5214381997616.69,3779292584249.64,3259880894862.56,2486493113683.43,7993733993.28995,7477709167.16998,8705389698.62997,5291006431.53554,4938994518.66467,5776740202.62841,4348758760.50287,4054676882.69265,4754679129.12738,2998209809.70311,2788282100.54097,3288161056.39465,0.00153301656782023,0.00143405472989662,0.00166949596378035,0.00139999915687556,0.00130685688090097,0.00152852420759991,0.00133402381889361,0.00124381135798018,0.00145854381876975,0.00120579855749596,0.00112137133426864,0.00132240907416938,13449717,594.342170418155,555.975205067139,647.254488598531,393.391655120739,367.219214996469,429.506450033738,323.334592133267,301.469308439178,353.515180217352,222.919917921181,207.31158139171,244.478085032916
"117","Türkiye","Europe and central Asia",140501854476068,99623115176615.6,84999227275802,63471879335051.3,89191982343.8511,83569009256.1138,96186872676.4321,59228739601.52,55411342753.0931,63978459503.0091,48764965683.9299,45583470967.3933,52723939469.8852,33741839402.4703,31481525036.7456,36555280920.9463,0.000634810000739481,0.000594789368209715,0.00068459503993818,0.000594528082127497,0.000556209697466876,0.000642204968089842,0.000573710694165482,0.000536281004290615,0.000620287279775012,0.000531602967423669,0.000495991695323262,0.000575928762530894,91121385,978.826017008533,917.11741712567,1055.59054744868,649.998236983777,608.104702898152,702.123431321957,535.164886748922,500.249979380727,578.612138850668,370.295506400285,345.489975122147,401.171260960819
"118","Uganda","Sub-Saharan Africa",7540361995679.89,5222408614352.37,4402145626788.91,3207685299320.6,2149442033.45285,1547828348.03882,3167077614.55389,1421490707.76797,1024008206.65061,2093803735.45391,1168185823.97193,841611462.674334,1720572526.85755,805690561.400104,580437452.705925,1186747263.31321,0.000285058202070979,0.000205272419139243,0.000420016653891207,0.000272190633237964,0.000196079679371775,0.000400926830907038,0.000265367373778602,0.000191182103916048,0.000390848616271834,0.000251175064327773,0.000180952119220942,0.000369969979151187,65647934,32.7419600661439,23.5777160639788,48.2433706832859,21.6532436156783,15.5984833681226,31.8944345674901,17.7947081163579,12.8200753838549,26.2090887255881,12.2729004906705,8.84167128101739,18.0774502867556
"119","Ukraine","Europe and central Asia",18454339657344.2,13228373900547.5,11349485199328.7,8570145150233.55,7516997836.20367,6946368832.80792,8246147145.52698,4940365926.87074,4543424914.30848,5447401280.91049,4047241605.80382,3712307762.24825,4475006069.93341,2774016343.10127,2530105555.90709,3085451285.52624,0.000407329548267643,0.000376408420013203,0.000446840542584535,0.00037346736371477,0.000343460575613185,0.000411796742507031,0.00035660133783365,0.000327090409569222,0.000394291546386447,0.000323683705990169,0.000295223186020151,0.000360023223812278,36698493.5,204.831237451305,189.282124968098,224.699881632116,134.620401430667,123.804126027911,148.436645796114,110.283589864631,101.156952457687,121.939775809419,75.5893792507115,68.9430359289024,84.075693339462
"120","United Kingdom","Europe and central Asia",121358529139461,88134494319357.6,76102119780815.5,58174667841223.7,204131858042.249,203481356489.79,204660950083.957,134206168449.654,133757016239.221,134572141515.775,109931553017.861,109553504563.128,110239959009.231,75281057150.11,75006377067.4848,75505813672.6823,0.00168205613144559,0.00167669596799378,0.00168641587480652,0.00152274282034631,0.00151764660672527,0.00152689525883191,0.00144452681915404,0.00143955917231553,0.00144857934741814,0.00129405220422702,0.00128933056003345,0.00129791568176651,69993981.5,2916.42015024176,2907.12647186373,2923.97925790172,1917.39583280677,1910.97882093221,1922.62446901631,1570.5857941209,1565.1846375267,1574.99197283456,1075.53614663441,1071.61180804502,1078.7472301841
"121","United Republic of Tanzania","Sub-Saharan Africa",12933191668901,8853441384239.34,7418519669490.97,5341598857590.59,3447265644.60782,2522082330.42401,4692072029.36194,2271526677.6886,1658565168.1683,3096391060.63567,1863253363.21231,1358939942.88855,2541970032.00699,1280180870.25869,931383142.255539,1749685548.19855,0.000266544077661593,0.000195008501767478,0.000362793048265452,0.000256569912094557,0.000187335646805188,0.000349738697784545,0.00025116242137566,0.00018318209069085,0.000342651923194457,0.000239662487653769,0.000174364112148184,0.000327558394938659,93088536,37.0321179463798,27.0933719531695,50.4044024213888,24.4017875379263,17.8170722135785,33.262861289769,20.0159272374024,14.5983598118736,27.3070148187419,13.7522935182769,10.0053474066403,18.795929374145
"122","United States of America","North America",880789412899469,636036209505555,547665678867735,416389989509428,3303608812965.59,3290463513929.61,3315061334950.59,2182687428394.98,2173670983440.64,2190564115361.66,1792344123921.91,1784786413052.66,1798956282751.84,1233469190784.76,1228032010976.43,1238241338312.82,0.00375073628790615,0.00373581183622285,0.00376373885335173,0.00343170309453257,0.00341752710137434,0.00344408711740574,0.00327269754721068,0.00325889768506691,0.00328477089612603,0.00296229309508132,0.00294923519276542,0.00297375385938471,360016420,9176.27260713717,9139.75955299375,9208.08371726653,6062.74410593545,6037.69956781593,6084.62279404273,4978.50660234305,4957.51391853922,4996.87287249798,3426.14703736224,3411.04444896272,3439.40239812623
"123","Uruguay","Latin America and Caribbean",3110920018637.99,2278452794735.04,1975215880369.81,1520906576749.64,3296863511.11565,3230853387.20444,3367482387.67168,2201697957.86914,2156163096.02702,2250437622.91908,1817986722.31384,1779715518.76044,1858963566.78673,1265302608.00001,1237632189.32158,1294948437.95352,0.00105977122245627,0.00103855237931156,0.00108247154137573,0.000966312737730068,0.000946327745305673,0.000987704300093161,0.000920399000626436,0.000901023293933437,0.000941144502361274,0.000831939730778279,0.000813746359073908,0.000851431940494978,3419085,964.253158700544,944.946787577507,984.907478951731,643.943615870661,630.625765673278,658.198793805676,531.717322708807,520.523917586267,543.702062623986,370.070532905736,361.977601996318,378.741224027341
"124","Venezuela (Bolivarian Republic of)","Latin America and Caribbean",2299238018472.24,1979184080166.64,1844689965547.17,1615658221471.54,NA,NA,NA,NA,NA,NA,NA,NA,NA,NA,NA,NA,NA,NA,NA,NA,NA,NA,NA,NA,NA,NA,NA,NA,33399450.5,NA,NA,NA,NA,NA,NA,NA,NA,NA,NA,NA,NA
"125","Viet Nam","East Asia and Pacific",96862818895002.6,65629105926656.4,54700751715739.2,38964638140747.9,55871250748.0498,46827234048.8506,68436339079.53,36430307912.8873,30595713530.1693,44540809155.5084,29712319963.9537,24978974183.4806,36293938882.5214,20165880760.8004,16986824084.6535,24589094016.5929,0.000576808019686203,0.000483438687651765,0.000706528468407611,0.000555093771254478,0.000466191228696022,0.000678674629596278,0.000543179371983009,0.000456647731520906,0.000663499819364977,0.000517543129438474,0.000435954878453991,0.000631061782936936,104598252.5,534.150900351321,447.68658108175,654.278034707415,348.287921090147,292.506928164687,425.827469302208,284.061341884786,238.808714165474,346.984180089638,192.793667951579,162.400648946344,235.081308041861
"126","Zambia","Sub-Saharan Africa",3411668365726.67,2425265635371.78,2071589857687.96,1549844000425.74,2301134628.37119,1930023596.86975,2797563775.06966,1521872638.14166,1269176724.46516,1859974604.6038,1250667808.2589,1039805575.63688,1532831562.07662,862507634.573821,712420384.079114,1063398910.26684,0.000674489540509914,0.000565712545878903,0.000819998744067198,0.000627507608216436,0.000523314521079503,0.000766915828714439,0.000603723658723997,0.000501936023570504,0.000739930037979317,0.000556512548577077,0.000459672317912908,0.000686132868840171,27782050.5,82.8281061677283,69.470163725667,100.696806921061,54.7789889785731,45.6833351614979,66.9487878370893,45.0171166544708,37.4272437391502,55.1734495650931,31.0454994880173,25.6431894427344,38.2764731590579
"127","Zimbabwe","Sub-Saharan Africa",1380939877372.18,1012750758208.19,878417410884.021,676860791648.144,105522442.3181,57952163.1185989,170592372.192207,79153478.6366521,44080929.9380624,127181199.257473,69216734.7357596,38786342.8580754,110910419.973408,53885747.8447173,30526929.741292,85924954.8396075,7.64134949299175e-05,4.19657394707707e-05,0.000123533525961196,7.81569186644643e-05,4.35259411862131e-05,0.000125579959557363,7.87970888078156e-05,4.41547974544831e-05,0.000126261636665182,7.96112708988601e-05,4.51007505796864e-05,0.000126946273000068,21044296.5,5.01430125345839,2.75381802944085,8.10634711368028,3.76127938687103,2.09467348733004,6.04349968446192,3.28909710694105,1.84308099147317,5.27033155864383,2.56058680054794,1.45060348020149,4.08305190147875
